cra1,cra2,sym_idx1,sym_idx2,pbc_shift1,pbc_shift2,group_id1,group_id2
A/GLY 8/C,A/PHE 156/CZ,0,3,"(0, 0, 0)","(0, 0, 0)",0,0
A/GLY 8/O,A/PHE 156/CE2,0,3,"(0, 0, 0)","(0, 0, 0)",0,0
A/GLY 8/O,A/PHE 156/CZ,0,3,"(0, 0, 0)","(0, 0, 0)",0,0
A/TYR 9/C,A/PHE 156/CZ,0,3,"(0, 0, 0)","(0, 0, 0)",0,0
A/TYR 9/O,A/PHE 156/CE2,0,3,"(0, 0, 0)","(0, 0, 0)",0,0
A/TYR 9/O,A/PHE 156/CZ,0,3,"(0, 0, 0)","(0, 0, 0)",0,0
A/LYS 11/C,A/GLY 48/N,0,3,"(0, 0, 0)","(0, 0, 0)",0,0
A/LYS 11/O,A/GLY 47/CA,0,3,"(0, 0, 0)","(0, 0, 0)",0,0
A/LYS 11/O,A/GLY 47/C,0,3,"(0, 0, 0)","(0, 0, 0)",0,0
A/LYS 11/O,A/GLY 48/N,0,3,"(0, 0, 0)","(0, 0, 0)",0,0
A/LYS 11/O,A/GLY 48/CA,0,3,"(0, 0, 0)","(0, 0, 0)",0,0
A/LYS 11/CD,A/GLY 51/C,0,3,"(0, 0, 0)","(0, 0, 0)",0,0
A/LYS 11/CD,A/GLY 51/O,0,3,"(0, 0, 0)","(0, 0, 0)",0,0
A/LYS 11/CD,A/ALA 52/N,0,3,"(0, 0, 0)","(0, 0, 0)",0,0
A/LYS 11/CE,A/GLY 46/O,0,3,"(0, 0, 0)","(0, 0, 0)",0,0
A/LYS 11/CE,A/GLY 51/C,0,3,"(0, 0, 0)","(0, 0, 0)",0,0
A/LYS 11/CE,A/GLY 51/O,0,3,"(0, 0, 0)","(0, 0, 0)",0,0
A/LEU 12/C,A/GLY 47/CA,0,3,"(0, 0, 0)","(0, 0, 0)",0,0
A/LEU 12/O,A/GLY 46/O,0,3,"(0, 0, 0)","(0, 0, 0)",0,0
A/LEU 12/O,A/GLY 47/N,0,3,"(0, 0, 0)","(0, 0, 0)",0,0
A/LEU 12/O,A/GLY 47/CA,0,3,"(0, 0, 0)","(0, 0, 0)",0,0
A/THR 13/N,A/GLY 46/O,0,3,"(0, 0, 0)","(0, 0, 0)",0,0
A/THR 13/CA,A/GLY 46/O,0,3,"(0, 0, 0)","(0, 0, 0)",0,0
A/THR 13/C,A/GLY 46/O,0,3,"(0, 0, 0)","(0, 0, 0)",0,0
A/THR 13/O,A/GLY 46/O,0,3,"(0, 0, 0)","(0, 0, 0)",0,0
A/ASP 14/N.A,A/GLY 46/O,0,3,"(0, 0, 0)","(0, 0, 0)",0,0
A/ASP 14/N.B,A/GLY 46/O,0,3,"(0, 0, 0)","(0, 0, 0)",0,0
A/TYR 17/CE2.A,A/LYS 55/NZ,0,3,"(0, 0, 0)","(0, 0, 0)",0,0
A/TYR 17/CZ.A,A/LYS 55/NZ,0,3,"(0, 0, 0)","(0, 0, 0)",0,0
A/TYR 17/CZ.B,A/LYS 55/NZ,0,3,"(0, 0, 0)","(0, 0, 0)",0,0
A/TYR 17/OH.A,A/LYS 55/CE,0,3,"(0, 0, 0)","(0, 0, 0)",0,0
A/TYR 17/OH.A,A/LYS 55/NZ,0,3,"(0, 0, 0)","(0, 0, 0)",0,0
A/TYR 17/OH.A,A/LYS 55/CD,0,3,"(0, 0, 0)","(0, 0, 0)",0,0
A/TYR 17/OH.B,A/LYS 55/CE,0,3,"(0, 0, 0)","(0, 0, 0)",0,0
A/TYR 17/OH.B,A/LYS 55/NZ,0,3,"(0, 0, 0)","(0, 0, 0)",0,0
A/TYR 17/OH.B,A/LYS 55/CD,0,3,"(0, 0, 0)","(0, 0, 0)",0,0
A/ASN 20/OD1,A/ASN 159/ND2,0,3,"(0, 0, 0)","(0, 0, 0)",0,0
A/LYS 29/O,A/ASN 101/O,0,0,"(0, 0, 0)","(0, 0, 1)",0,0
A/VAL 30/O,A/GLY 103/CA,0,0,"(0, 0, 0)","(0, 0, 1)",0,0
A/LYS 31/CB.A,A/LYS 102/O,0,0,"(0, 0, 0)","(0, 0, 1)",0,0
A/LYS 31/CB.B,A/LYS 102/O,0,0,"(0, 0, 0)","(0, 0, 1)",0,0
A/LYS 31/CB.B,A/GLY 103/CA,0,0,"(0, 0, 0)","(0, 0, 1)",0,0
A/LYS 31/CG.B,A/LYS 102/O,0,0,"(0, 0, 0)","(0, 0, 1)",0,0
A/LYS 31/CG.B,A/LYS 102/C,0,0,"(0, 0, 0)","(0, 0, 1)",0,0
A/LYS 31/CD.A,A/LYS 102/O,0,0,"(0, 0, 0)","(0, 0, 1)",0,0
A/LYS 31/CE.A,A/LYS 102/O,0,0,"(0, 0, 0)","(0, 0, 1)",0,0
A/TYR 42/CD1,B/ALA 70/CB,0,2,"(0, 0, 0)","(0, -1, -1)",0,1
A/TYR 42/CE1,B/ASP 67/OD1,0,2,"(0, 0, 0)","(0, -1, -1)",0,1
A/TYR 42/CZ,B/ASP 67/OD1,0,2,"(0, 0, 0)","(0, -1, -1)",0,1
A/TYR 42/OH,B/ASP 67/CB,0,2,"(0, 0, 0)","(0, -1, -1)",0,1
A/TYR 42/OH,B/ASP 67/CG,0,2,"(0, 0, 0)","(0, -1, -1)",0,1
A/TYR 42/OH,B/ASP 67/OD1,0,2,"(0, 0, 0)","(0, -1, -1)",0,1
A/LYS 44/NZ,B/SER 1/N,0,2,"(0, 0, 0)","(0, -1, 0)",0,1
A/GLY 46/O,A/LEU 12/O,0,1,"(0, 0, 0)","(0, 0, -1)",0,0
A/GLY 46/O,A/THR 13/CA,0,1,"(0, 0, 0)","(0, 0, -1)",0,0
A/GLY 46/O,A/THR 13/C,0,1,"(0, 0, 0)","(0, 0, -1)",0,0
A/GLY 46/O,A/ASP 14/N.A,0,1,"(0, 0, 0)","(0, 0, -1)",0,0
A/GLY 46/O,A/ASP 14/N.B,0,1,"(0, 0, 0)","(0, 0, -1)",0,0
A/GLY 46/O,A/THR 13/N,0,1,"(0, 0, 0)","(0, 0, -1)",0,0
A/GLY 46/O,A/LYS 11/CE,0,1,"(0, 0, 0)","(0, 0, -1)",0,0
A/GLY 46/O,A/THR 13/O,0,1,"(0, 0, 0)","(0, 0, -1)",0,0
A/GLY 47/N,A/LEU 12/O,0,1,"(0, 0, 0)","(0, 0, -1)",0,0
A/GLY 47/CA,A/LEU 12/O,0,1,"(0, 0, 0)","(0, 0, -1)",0,0
A/GLY 47/CA,A/LYS 11/O,0,1,"(0, 0, 0)","(0, 0, -1)",0,0
A/GLY 47/CA,A/LEU 12/C,0,1,"(0, 0, 0)","(0, 0, -1)",0,0
A/GLY 47/C,A/LYS 11/O,0,1,"(0, 0, 0)","(0, 0, -1)",0,0
A/GLY 48/N,A/LYS 11/O,0,1,"(0, 0, 0)","(0, 0, -1)",0,0
A/GLY 48/N,A/LYS 11/C,0,1,"(0, 0, 0)","(0, 0, -1)",0,0
A/GLY 48/CA,A/LYS 11/O,0,1,"(0, 0, 0)","(0, 0, -1)",0,0
A/GLY 51/C,A/LYS 11/CD,0,1,"(0, 0, 0)","(0, 0, -1)",0,0
A/GLY 51/C,A/LYS 11/CE,0,1,"(0, 0, 0)","(0, 0, -1)",0,0
A/GLY 51/O,A/LYS 11/CD,0,1,"(0, 0, 0)","(0, 0, -1)",0,0
A/GLY 51/O,A/LYS 11/CE,0,1,"(0, 0, 0)","(0, 0, -1)",0,0
A/ALA 52/N,A/LYS 11/CD,0,1,"(0, 0, 0)","(0, 0, -1)",0,0
A/LYS 55/CD,A/TYR 17/OH.B,0,1,"(0, 0, 0)","(0, 0, -1)",0,0
A/LYS 55/CD,A/TYR 17/OH.A,0,1,"(0, 0, 0)","(0, 0, -1)",0,0
A/LYS 55/CE,A/TYR 17/OH.B,0,1,"(0, 0, 0)","(0, 0, -1)",0,0
A/LYS 55/CE,A/TYR 17/OH.A,0,1,"(0, 0, 0)","(0, 0, -1)",0,0
A/LYS 55/NZ,A/TYR 17/CE2.A,0,1,"(0, 0, 0)","(0, 0, -1)",0,0
A/LYS 55/NZ,A/TYR 17/OH.B,0,1,"(0, 0, 0)","(0, 0, -1)",0,0
A/LYS 55/NZ,A/TYR 17/CZ.A,0,1,"(0, 0, 0)","(0, 0, -1)",0,0
A/LYS 55/NZ,A/TYR 17/CZ.B,0,1,"(0, 0, 0)","(0, 0, -1)",0,0
A/LYS 55/NZ,A/TYR 17/OH.A,0,1,"(0, 0, 0)","(0, 0, -1)",0,0
A/ASN 58/O.A,B/ASN 87/CB.A,0,2,"(0, 0, 0)","(0, -1, 0)",0,1
A/ASN 58/O.A,B/ASN 87/CG.A,0,2,"(0, 0, 0)","(0, -1, 0)",0,1
A/ASN 58/O.A,B/ASN 87/ND2.A,0,2,"(0, 0, 0)","(0, -1, 0)",0,1
A/ASN 58/O.B,B/ASN 87/CB.B,0,2,"(0, 0, 0)","(0, -1, 0)",0,1
A/ASN 58/O.B,B/ASN 87/CG.B,0,2,"(0, 0, 0)","(0, -1, 0)",0,1
A/ASN 58/O.B,B/ASN 87/ND2.B,0,2,"(0, 0, 0)","(0, -1, 0)",0,1
A/ASN 58/CB.A,B/ASN 87/ND2.A,0,2,"(0, 0, 0)","(0, -1, 0)",0,1
A/ASN 58/CG.A,B/ASN 87/ND2.A,0,2,"(0, 0, 0)","(0, -1, 0)",0,1
A/ASN 58/CG.A,B/ASN 58/ND2,0,2,"(0, 0, 0)","(0, -1, 0)",0,1
A/ASN 58/CG.B,B/ASN 87/ND2.B,0,2,"(0, 0, 0)","(0, -1, 0)",0,1
A/ASN 58/CG.B,B/ASN 58/ND2,0,2,"(0, 0, 0)","(0, -1, 0)",0,1
A/ASN 58/OD1.B,B/ASN 58/ND2,0,2,"(0, 0, 0)","(0, -1, 0)",0,1
A/ASN 58/ND2.A,B/ALA 56/O,0,2,"(0, 0, 0)","(0, -1, 0)",0,1
A/ASN 58/ND2.A,B/ASN 87/ND2.A,0,2,"(0, 0, 0)","(0, -1, 0)",0,1
A/ASN 58/ND2.A,B/ASN 58/CG,0,2,"(0, 0, 0)","(0, -1, 0)",0,1
A/ASN 58/ND2.A,B/ASN 58/OD1,0,2,"(0, 0, 0)","(0, -1, 0)",0,1
A/ASN 58/ND2.A,B/ASN 58/ND2,0,2,"(0, 0, 0)","(0, -1, 0)",0,1
A/ASN 58/ND2.B,B/ALA 56/O,0,2,"(0, 0, 0)","(0, -1, 0)",0,1
A/ASN 58/ND2.B,B/THR 57/CA,0,2,"(0, 0, 0)","(0, -1, 0)",0,1
A/ASN 58/ND2.B,B/ASN 87/CB.B,0,2,"(0, 0, 0)","(0, -1, 0)",0,1
A/ASN 58/ND2.B,B/ASN 87/CG.B,0,2,"(0, 0, 0)","(0, -1, 0)",0,1
A/ASN 58/ND2.B,B/ASN 87/OD1.B,0,2,"(0, 0, 0)","(0, -1, 0)",0,1
A/ASN 58/ND2.B,B/ASN 87/ND2.B,0,2,"(0, 0, 0)","(0, -1, 0)",0,1
A/ASN 58/ND2.B,B/ASN 58/ND2,0,2,"(0, 0, 0)","(0, -1, 0)",0,1
A/ASN 58/ND2.B,B/THR 57/C,0,2,"(0, 0, 0)","(0, -1, 0)",0,1
A/ALA 60/N,B/ASN 87/CB.A,0,2,"(0, 0, 0)","(0, -1, 0)",0,1
A/ALA 60/CA,B/HIS 86/O,0,2,"(0, 0, 0)","(0, -1, 0)",0,1
A/ALA 60/CA,B/ASN 87/CA.A,0,2,"(0, 0, 0)","(0, -1, 0)",0,1
A/ALA 60/CA,B/ASN 87/CB.A,0,2,"(0, 0, 0)","(0, -1, 0)",0,1
A/ALA 60/CB,B/HIS 86/O,0,2,"(0, 0, 0)","(0, -1, 0)",0,1
A/ALA 60/CB,B/HIS 86/C,0,2,"(0, 0, 0)","(0, -1, 0)",0,1
A/ALA 60/CB,B/ASN 87/N.A,0,2,"(0, 0, 0)","(0, -1, 0)",0,1
A/VAL 63/CG1,B/ALA 89/O,0,2,"(0, 0, 0)","(0, -1, 0)",0,1
A/VAL 63/CG1,B/ALA 89/N,0,2,"(0, 0, 0)","(0, -1, 0)",0,1
A/VAL 63/CG2,B/ASN 87/C.A,0,2,"(0, 0, 0)","(0, -1, 0)",0,1
A/VAL 63/CG2,B/ASN 87/C.B,0,2,"(0, 0, 0)","(0, -1, 0)",0,1
A/VAL 63/CG2,B/ASN 87/O.A,0,2,"(0, 0, 0)","(0, -1, 0)",0,1
A/VAL 63/CG2,B/ASN 87/O.B,0,2,"(0, 0, 0)","(0, -1, 0)",0,1
A/ASP 66/CA,B/SER 1/N,0,2,"(0, 0, 0)","(0, -1, 0)",0,1
A/ASP 66/C,B/SER 1/N,0,2,"(0, 0, 0)","(0, -1, 0)",0,1
A/ASP 66/O,B/SER 1/N,0,2,"(0, 0, 0)","(0, -1, 0)",0,1
A/ASP 66/O,B/SER 1/CA,0,2,"(0, 0, 0)","(0, -1, 0)",0,1
A/ASP 66/CB,B/SER 1/N,0,2,"(0, 0, 0)","(0, -1, 0)",0,1
A/ASP 66/OD2,B/LYS 31/CD,0,2,"(0, 0, 0)","(0, -1, 0)",0,1
A/ASP 66/OD2,B/LYS 31/CE,0,2,"(0, 0, 0)","(0, -1, 0)",0,1
A/ASP 67/N,B/VAL 3/CG1,0,2,"(0, 0, 0)","(0, -1, 0)",0,1
A/ASP 67/CA,B/VAL 3/CG1,0,2,"(0, 0, 0)","(0, -1, 0)",0,1
A/ASP 67/CG,B/LYS 90/CD.A,0,2,"(0, 0, 0)","(0, -1, 0)",0,1
A/ASP 67/CG,B/LYS 90/CD.B,0,2,"(0, 0, 0)","(0, -1, 0)",0,1
A/ASP 67/CG,B/LYS 90/NZ.A,0,2,"(0, 0, 0)","(0, -1, 0)",0,1
A/ASP 67/OD1,B/LYS 90/CD.A,0,2,"(0, 0, 0)","(0, -1, 0)",0,1
A/ASP 67/OD1,B/LYS 90/CD.B,0,2,"(0, 0, 0)","(0, -1, 0)",0,1
A/ASP 67/OD2,B/LYS 90/CD.A,0,2,"(0, 0, 0)","(0, -1, 0)",0,1
A/ASP 67/OD2,B/LYS 90/CD.B,0,2,"(0, 0, 0)","(0, -1, 0)",0,1
A/ASP 67/OD2,B/LYS 90/CE.A,0,2,"(0, 0, 0)","(0, -1, 0)",0,1
A/ASP 67/OD2,B/LYS 90/CE.B,0,2,"(0, 0, 0)","(0, -1, 0)",0,1
A/ASP 67/OD2,B/LYS 90/NZ.A,0,2,"(0, 0, 0)","(0, -1, 0)",0,1
A/ASP 67/OD2,B/LYS 90/NZ.B,0,2,"(0, 0, 0)","(0, -1, 0)",0,1
A/ILE 69/O,B/ALA 70/O,0,2,"(0, 0, 0)","(0, -1, -1)",0,1
A/ILE 69/CB,B/SER 1/N,0,2,"(0, 0, 0)","(0, -1, 0)",0,1
A/ILE 69/CG2,B/ALA 70/O,0,2,"(0, 0, 0)","(0, -1, -1)",0,1
A/ILE 69/CG2,B/SER 1/CA,0,2,"(0, 0, 0)","(0, -1, 0)",0,1
A/ILE 69/CG2,B/SER 1/CB,0,2,"(0, 0, 0)","(0, -1, 0)",0,1
A/ALA 70/CB,B/SER 1/O,0,2,"(0, 0, 0)","(0, -1, 0)",0,1
A/ALA 70/CB,B/VAL 3/CG2,0,2,"(0, 0, 0)","(0, -1, 0)",0,1
A/GLY 73/CA,B/ALA 70/O,0,2,"(0, 0, 0)","(0, -1, -1)",0,1
A/PRO 74/CG.A,B/THR 71/OG1,0,2,"(0, 0, 0)","(0, -1, -1)",0,1
A/PRO 74/CG.A,B/ALA 70/CB,0,2,"(0, 0, 0)","(0, -1, -1)",0,1
A/PRO 74/CG.B,B/THR 71/OG1,0,2,"(0, 0, 0)","(0, -1, -1)",0,1
A/PRO 74/CD.A,B/ALA 70/C,0,2,"(0, 0, 0)","(0, -1, -1)",0,1
A/PRO 74/CD.A,B/ALA 70/O,0,2,"(0, 0, 0)","(0, -1, -1)",0,1
A/PRO 74/CD.A,B/THR 71/CA,0,2,"(0, 0, 0)","(0, -1, -1)",0,1
A/PRO 74/CD.A,B/THR 71/OG1,0,2,"(0, 0, 0)","(0, -1, -1)",0,1
A/PRO 74/CD.B,B/ALA 70/O,0,2,"(0, 0, 0)","(0, -1, -1)",0,1
A/PRO 74/CD.B,B/THR 71/OG1,0,2,"(0, 0, 0)","(0, -1, -1)",0,1
A/LYS 76/CD.A,B/GLN 118/O,0,0,"(0, 0, 0)","(0, 0, 0)",0,1
A/LYS 76/CD.B,B/GLN 118/O,0,0,"(0, 0, 0)","(0, 0, 0)",0,1
A/LYS 76/CE.A,B/GLN 118/O,0,0,"(0, 0, 0)","(0, 0, 0)",0,1
A/LYS 76/CE.B,B/GLN 118/O,0,0,"(0, 0, 0)","(0, 0, 0)",0,1
A/LYS 76/NZ.A,B/HIS 119/ND1,0,0,"(0, 0, 0)","(0, 0, 0)",0,1
A/LYS 76/NZ.A,B/GLN 118/O,0,0,"(0, 0, 0)","(0, 0, 0)",0,1
A/LYS 76/NZ.A,B/HIS 119/CE1,0,0,"(0, 0, 0)","(0, 0, 0)",0,1
A/LYS 76/NZ.A,B/HIS 119/NE2,0,0,"(0, 0, 0)","(0, 0, 0)",0,1
A/GLY 78/C,B/GLN 118/OE1,0,0,"(0, 0, 0)","(0, 0, 0)",0,1
A/GLY 78/C,B/GLN 118/NE2,0,0,"(0, 0, 0)","(0, 0, 0)",0,1
A/GLY 78/O,B/GLN 118/CD,0,0,"(0, 0, 0)","(0, 0, 0)",0,1
A/GLY 78/O,B/GLN 118/OE1,0,0,"(0, 0, 0)","(0, 0, 0)",0,1
A/GLY 78/O,B/GLN 118/NE2,0,0,"(0, 0, 0)","(0, 0, 0)",0,1
A/GLY 79/N,B/GLN 118/OE1,0,0,"(0, 0, 0)","(0, 0, 0)",0,1
A/GLY 79/CA,B/GLN 118/OE1,0,0,"(0, 0, 0)","(0, 0, 0)",0,1
A/ASN 101/O,A/LYS 29/O,0,0,"(0, 0, 0)","(0, 0, -1)",0,0
A/ASN 101/CG,A/SER 166/O.A,0,1,"(0, 0, 0)","(0, 0, -1)",0,0
A/ASN 101/CG,A/SER 166/O.B,0,1,"(0, 0, 0)","(0, 0, -1)",0,0
A/ASN 101/OD1,A/SER 166/O.A,0,1,"(0, 0, 0)","(0, 0, -1)",0,0
A/ASN 101/OD1,A/SER 166/O.B,0,1,"(0, 0, 0)","(0, 0, -1)",0,0
A/ASN 101/ND2,A/SER 166/C.A,0,1,"(0, 0, 0)","(0, 0, -1)",0,0
A/ASN 101/ND2,A/SER 166/C.B,0,1,"(0, 0, 0)","(0, 0, -1)",0,0
A/ASN 101/ND2,A/SER 166/O.A,0,1,"(0, 0, 0)","(0, 0, -1)",0,0
A/ASN 101/ND2,A/SER 166/O.B,0,1,"(0, 0, 0)","(0, 0, -1)",0,0
A/ASN 101/ND2,A/SER 167/CA,0,1,"(0, 0, 0)","(0, 0, -1)",0,0
A/ASN 101/ND2,A/PHE 168/N,0,1,"(0, 0, 0)","(0, 0, -1)",0,0
A/LYS 102/C,A/LYS 31/CG.B,0,0,"(0, 0, 0)","(0, 0, -1)",0,0
A/LYS 102/O,A/LYS 31/CD.A,0,0,"(0, 0, 0)","(0, 0, -1)",0,0
A/LYS 102/O,A/LYS 31/CE.A,0,0,"(0, 0, 0)","(0, 0, -1)",0,0
A/LYS 102/O,A/LYS 31/CB.A,0,0,"(0, 0, 0)","(0, 0, -1)",0,0
A/LYS 102/O,A/LYS 31/CB.B,0,0,"(0, 0, 0)","(0, 0, -1)",0,0
A/LYS 102/O,A/LYS 31/CG.B,0,0,"(0, 0, 0)","(0, 0, -1)",0,0
A/LYS 102/CE,A/PHE 168/CG,0,1,"(0, 0, 0)","(0, 0, -1)",0,0
A/LYS 102/CE,A/PHE 168/CD1,0,1,"(0, 0, 0)","(0, 0, -1)",0,0
A/LYS 102/CE,A/PHE 168/CD2,0,1,"(0, 0, 0)","(0, 0, -1)",0,0
A/LYS 102/CE,A/PHE 168/CE1,0,1,"(0, 0, 0)","(0, 0, -1)",0,0
A/LYS 102/CE,A/PHE 168/CZ,0,1,"(0, 0, 0)","(0, 0, -1)",0,0
A/LYS 102/CE,A/PHE 168/CE2,0,1,"(0, 0, 0)","(0, 0, -1)",0,0
A/LYS 102/NZ,A/PHE 168/CD2,0,1,"(0, 0, 0)","(0, 0, -1)",0,0
A/LYS 102/NZ,A/PHE 168/CE1,0,1,"(0, 0, 0)","(0, 0, -1)",0,0
A/LYS 102/NZ,A/PHE 168/CZ,0,1,"(0, 0, 0)","(0, 0, -1)",0,0
A/LYS 102/NZ,A/PHE 168/CE2,0,1,"(0, 0, 0)","(0, 0, -1)",0,0
A/GLY 103/CA,A/VAL 30/O,0,0,"(0, 0, 0)","(0, 0, -1)",0,0
A/GLY 103/CA,A/LYS 31/CB.B,0,0,"(0, 0, 0)","(0, 0, -1)",0,0
A/LYS 110/C,B/ARG 148/NH2,0,0,"(0, 0, 0)","(0, 0, 0)",0,1
A/LYS 110/CG,B/ARG 148/CZ,0,0,"(0, 0, 0)","(0, 0, 0)",0,1
A/LYS 110/CG,B/ARG 148/NH2,0,0,"(0, 0, 0)","(0, 0, 0)",0,1
A/LYS 110/CG,B/ARG 148/NH1,0,0,"(0, 0, 0)","(0, 0, 0)",0,1
A/LYS 110/CD,B/ARG 148/CZ,0,0,"(0, 0, 0)","(0, 0, 0)",0,1
A/LYS 110/CD,B/ARG 148/NH1,0,0,"(0, 0, 0)","(0, 0, 0)",0,1
A/LYS 110/CE,B/ARG 148/NH1,0,0,"(0, 0, 0)","(0, 0, 0)",0,1
A/SER 111/N,B/ARG 148/NH2,0,0,"(0, 0, 0)","(0, 0, 0)",0,1
A/SER 111/CA,B/ARG 148/NH2,0,0,"(0, 0, 0)","(0, 0, 0)",0,1
A/SER 111/O,B/GLN 118/NE2,0,0,"(0, 0, 0)","(0, 0, 0)",0,1
A/SER 111/CB,B/ARG 148/NH2,0,0,"(0, 0, 0)","(0, 0, 0)",0,1
A/SER 111/OG,B/ARG 148/NH2,0,0,"(0, 0, 0)","(0, 0, 0)",0,1
A/GLU 114/O,B/GLU 114/OE1,0,0,"(0, 0, 0)","(0, 0, 0)",0,1
A/GLU 114/CB,B/GLU 114/CD,0,0,"(0, 0, 0)","(0, 0, 0)",0,1
A/GLU 114/CG,B/GLU 114/CG,0,0,"(0, 0, 0)","(0, 0, 0)",0,1
A/GLU 114/CG,B/GLU 114/CD,0,0,"(0, 0, 0)","(0, 0, 0)",0,1
A/GLU 114/CG,B/GLU 114/OE2,0,0,"(0, 0, 0)","(0, 0, 0)",0,1
A/GLU 114/CD,B/ARG 148/NH2,0,0,"(0, 0, 0)","(0, 0, 0)",0,1
A/GLU 114/CD,B/GLU 114/CG,0,0,"(0, 0, 0)","(0, 0, 0)",0,1
A/GLU 114/CD,B/GLU 114/CB,0,0,"(0, 0, 0)","(0, 0, 0)",0,1
A/GLU 114/CD,B/ASN 117/ND2,0,0,"(0, 0, 0)","(0, 0, 0)",0,1
A/GLU 114/CD,B/ARG 148/NH1,0,0,"(0, 0, 0)","(0, 0, 0)",0,1
A/GLU 114/OE1,B/ARG 148/NH2,0,0,"(0, 0, 0)","(0, 0, 0)",0,1
A/GLU 114/OE1,B/GLU 114/O,0,0,"(0, 0, 0)","(0, 0, 0)",0,1
A/GLU 114/OE1,B/ASN 117/CB,0,0,"(0, 0, 0)","(0, 0, 0)",0,1
A/GLU 114/OE1,B/ASN 117/CG,0,0,"(0, 0, 0)","(0, 0, 0)",0,1
A/GLU 114/OE1,B/ASN 117/ND2,0,0,"(0, 0, 0)","(0, 0, 0)",0,1
A/GLU 114/OE2,B/ARG 148/CZ,0,0,"(0, 0, 0)","(0, 0, 0)",0,1
A/GLU 114/OE2,B/ARG 148/NH2,0,0,"(0, 0, 0)","(0, 0, 0)",0,1
A/GLU 114/OE2,B/GLU 114/CG,0,0,"(0, 0, 0)","(0, 0, 0)",0,1
A/GLU 114/OE2,B/ASN 117/ND2,0,0,"(0, 0, 0)","(0, 0, 0)",0,1
A/GLU 114/OE2,B/ARG 148/NH1,0,0,"(0, 0, 0)","(0, 0, 0)",0,1
A/GLU 114/OE2,B/GLU 114/OE2,0,0,"(0, 0, 0)","(0, 0, 0)",0,1
A/ASN 117/CB,B/GLU 114/OE1,0,0,"(0, 0, 0)","(0, 0, 0)",0,1
A/ASN 117/CG,B/GLU 114/OE1,0,0,"(0, 0, 0)","(0, 0, 0)",0,1
A/ASN 117/ND2,B/GLU 114/CD,0,0,"(0, 0, 0)","(0, 0, 0)",0,1
A/ASN 117/ND2,B/GLU 114/OE1,0,0,"(0, 0, 0)","(0, 0, 0)",0,1
A/ASN 117/ND2,B/GLU 114/OE2,0,0,"(0, 0, 0)","(0, 0, 0)",0,1
A/GLN 118/O,B/LYS 76/CD,0,0,"(0, 0, 0)","(0, 0, 0)",0,1
A/GLN 118/O,B/LYS 76/NZ,0,0,"(0, 0, 0)","(0, 0, 0)",0,1
A/GLN 118/O,B/LYS 76/CE,0,0,"(0, 0, 0)","(0, 0, 0)",0,1
A/GLN 118/CD,B/GLY 78/O,0,0,"(0, 0, 0)","(0, 0, 0)",0,1
A/GLN 118/OE1,B/GLY 78/O,0,0,"(0, 0, 0)","(0, 0, 0)",0,1
A/GLN 118/OE1,B/GLY 78/C,0,0,"(0, 0, 0)","(0, 0, 0)",0,1
A/GLN 118/OE1,B/GLY 79/N,0,0,"(0, 0, 0)","(0, 0, 0)",0,1
A/GLN 118/OE1,B/GLY 79/CA,0,0,"(0, 0, 0)","(0, 0, 0)",0,1
A/GLN 118/NE2,B/GLY 78/O,0,0,"(0, 0, 0)","(0, 0, 0)",0,1
A/GLN 118/NE2,B/SER 111/O,0,0,"(0, 0, 0)","(0, 0, 0)",0,1
A/GLN 118/NE2,B/GLY 78/C,0,0,"(0, 0, 0)","(0, 0, 0)",0,1
A/HIS 119/ND1,B/LYS 76/NZ,0,0,"(0, 0, 0)","(0, 0, 0)",0,1
A/HIS 119/CE1,B/LYS 76/NZ,0,0,"(0, 0, 0)","(0, 0, 0)",0,1
A/ALA 129/O,A/SER 166/OG.A,0,1,"(0, 0, 0)","(0, 0, -1)",0,0
A/GLY 130/CA,A/SER 166/OG.A,0,1,"(0, 0, 0)","(0, 0, -1)",0,0
A/GLY 130/C,A/SER 166/OG.A,0,1,"(0, 0, 0)","(0, 0, -1)",0,0
A/GLY 130/C,A/VAL 165/O,0,1,"(0, 0, 0)","(0, 0, -1)",0,0
A/GLY 130/O,A/SER 166/C.B,0,1,"(0, 0, 0)","(0, 0, -1)",0,0
A/GLY 130/O,A/SER 166/O.B,0,1,"(0, 0, 0)","(0, 0, -1)",0,0
A/GLY 130/O,A/SER 166/CA.A,0,1,"(0, 0, 0)","(0, 0, -1)",0,0
A/GLY 130/O,A/SER 166/CA.B,0,1,"(0, 0, 0)","(0, 0, -1)",0,0
A/GLY 130/O,A/SER 166/CB.A,0,1,"(0, 0, 0)","(0, 0, -1)",0,0
A/GLY 130/O,A/SER 166/CB.B,0,1,"(0, 0, 0)","(0, 0, -1)",0,0
A/GLY 130/O,A/SER 166/OG.A,0,1,"(0, 0, 0)","(0, 0, -1)",0,0
A/GLY 130/O,A/VAL 165/O,0,1,"(0, 0, 0)","(0, 0, -1)",0,0
A/ILE 131/N.A,A/VAL 165/O,0,1,"(0, 0, 0)","(0, 0, -1)",0,0
A/ILE 131/N.B,A/VAL 165/O,0,1,"(0, 0, 0)","(0, 0, -1)",0,0
A/ILE 131/CA.A,A/VAL 165/O,0,1,"(0, 0, 0)","(0, 0, -1)",0,0
A/ILE 131/CA.B,A/VAL 165/O,0,1,"(0, 0, 0)","(0, 0, -1)",0,0
A/ILE 131/O.B,A/SER 166/O.B,0,1,"(0, 0, 0)","(0, 0, -1)",0,0
A/ILE 131/CG1.A,A/SER 167/O,0,1,"(0, 0, 0)","(0, 0, -1)",0,0
A/ILE 131/CG2.B,A/VAL 165/O,0,1,"(0, 0, 0)","(0, 0, -1)",0,0
A/ILE 131/CD1.A,A/SER 167/O,0,1,"(0, 0, 0)","(0, 0, -1)",0,0
A/ILE 131/CD1.A,A/LEU 169/CG,0,1,"(0, 0, 0)","(0, 0, -1)",0,0
A/ILE 131/CD1.A,A/LEU 169/CD1,0,1,"(0, 0, 0)","(0, 0, -1)",0,0
A/GLY 133/CA,A/SER 166/O.B,0,1,"(0, 0, 0)","(0, 0, -1)",0,0
A/ARG 148/CZ,B/GLU 114/OE1,0,0,"(0, 0, 0)","(0, 0, 0)",0,1
A/ARG 148/CZ,B/LYS 110/CG,0,0,"(0, 0, 0)","(0, 0, 0)",0,1
A/ARG 148/CZ,B/LYS 110/CD,0,0,"(0, 0, 0)","(0, 0, 0)",0,1
A/ARG 148/CZ,B/GLU 114/OE2,0,0,"(0, 0, 0)","(0, 0, 0)",0,1
A/ARG 148/NH1,B/GLU 114/CD,0,0,"(0, 0, 0)","(0, 0, 0)",0,1
A/ARG 148/NH1,B/GLU 114/OE1,0,0,"(0, 0, 0)","(0, 0, 0)",0,1
A/ARG 148/NH1,B/LYS 110/CG,0,0,"(0, 0, 0)","(0, 0, 0)",0,1
A/ARG 148/NH1,B/LYS 110/CD,0,0,"(0, 0, 0)","(0, 0, 0)",0,1
A/ARG 148/NH1,B/LYS 110/CE,0,0,"(0, 0, 0)","(0, 0, 0)",0,1
A/ARG 148/NH1,B/GLU 114/OE2,0,0,"(0, 0, 0)","(0, 0, 0)",0,1
A/ARG 148/NH2,B/SER 111/N,0,0,"(0, 0, 0)","(0, 0, 0)",0,1
A/ARG 148/NH2,B/SER 111/CA,0,0,"(0, 0, 0)","(0, 0, 0)",0,1
A/ARG 148/NH2,B/SER 111/CB,0,0,"(0, 0, 0)","(0, 0, 0)",0,1
A/ARG 148/NH2,B/SER 111/OG,0,0,"(0, 0, 0)","(0, 0, 0)",0,1
A/ARG 148/NH2,B/GLU 114/CD,0,0,"(0, 0, 0)","(0, 0, 0)",0,1
A/ARG 148/NH2,B/GLU 114/OE1,0,0,"(0, 0, 0)","(0, 0, 0)",0,1
A/ARG 148/NH2,B/GLU 114/OE2,0,0,"(0, 0, 0)","(0, 0, 0)",0,1
A/PHE 156/CE2,A/TYR 9/O,0,1,"(0, 0, 0)","(0, 0, -1)",0,0
A/PHE 156/CE2,A/GLY 8/O,0,1,"(0, 0, 0)","(0, 0, -1)",0,0
A/PHE 156/CZ,A/GLY 8/C,0,1,"(0, 0, 0)","(0, 0, -1)",0,0
A/PHE 156/CZ,A/TYR 9/C,0,1,"(0, 0, 0)","(0, 0, -1)",0,0
A/PHE 156/CZ,A/TYR 9/O,0,1,"(0, 0, 0)","(0, 0, -1)",0,0
A/PHE 156/CZ,A/GLY 8/O,0,1,"(0, 0, 0)","(0, 0, -1)",0,0
A/ASP 157/OD2,A/TYR 161/CE2,0,1,"(0, 0, 0)","(0, 0, -1)",0,0
A/LYS 158/CD,A/ASN 159/ND2,0,3,"(0, 0, 0)","(0, 0, 0)",0,0
A/LYS 158/CE,A/ASN 159/CB,0,3,"(0, 0, 0)","(0, 0, 0)",0,0
A/LYS 158/CE,A/ASN 159/CG,0,3,"(0, 0, 0)","(0, 0, 0)",0,0
A/LYS 158/CE,A/ASN 159/ND2,0,3,"(0, 0, 0)","(0, 0, 0)",0,0
A/ASN 159/CB,A/LYS 158/CE,0,1,"(0, 0, 0)","(0, 0, -1)",0,0
A/ASN 159/CG,A/LYS 158/CE,0,1,"(0, 0, 0)","(0, 0, -1)",0,0
A/ASN 159/ND2,A/LYS 158/CD,0,1,"(0, 0, 0)","(0, 0, -1)",0,0
A/ASN 159/ND2,A/LYS 158/CE,0,1,"(0, 0, 0)","(0, 0, -1)",0,0
A/ASN 159/ND2,A/ASN 20/OD1,0,1,"(0, 0, 0)","(0, 0, -1)",0,0
A/TYR 161/CE2,A/ASP 157/OD2,0,3,"(0, 0, 0)","(0, 0, 0)",0,0
A/VAL 165/O,A/ILE 131/CA.A,0,3,"(0, 0, 0)","(0, 0, 0)",0,0
A/VAL 165/O,A/ILE 131/CA.B,0,3,"(0, 0, 0)","(0, 0, 0)",0,0
A/VAL 165/O,A/ILE 131/CG2.B,0,3,"(0, 0, 0)","(0, 0, 0)",0,0
A/VAL 165/O,A/GLY 130/C,0,3,"(0, 0, 0)","(0, 0, 0)",0,0
A/VAL 165/O,A/GLY 130/O,0,3,"(0, 0, 0)","(0, 0, 0)",0,0
A/VAL 165/O,A/ILE 131/N.A,0,3,"(0, 0, 0)","(0, 0, 0)",0,0
A/VAL 165/O,A/ILE 131/N.B,0,3,"(0, 0, 0)","(0, 0, 0)",0,0
A/SER 166/CA.A,A/GLY 130/O,0,3,"(0, 0, 0)","(0, 0, 0)",0,0
A/SER 166/CA.B,A/GLY 130/O,0,3,"(0, 0, 0)","(0, 0, 0)",0,0
A/SER 166/C.A,A/ASN 101/ND2,0,3,"(0, 0, 0)","(0, 0, 0)",0,0
A/SER 166/C.B,A/ASN 101/ND2,0,3,"(0, 0, 0)","(0, 0, 0)",0,0
A/SER 166/C.B,A/GLY 130/O,0,3,"(0, 0, 0)","(0, 0, 0)",0,0
A/SER 166/O.A,A/ASN 101/CG,0,3,"(0, 0, 0)","(0, 0, 0)",0,0
A/SER 166/O.A,A/ASN 101/OD1,0,3,"(0, 0, 0)","(0, 0, 0)",0,0
A/SER 166/O.A,A/ASN 101/ND2,0,3,"(0, 0, 0)","(0, 0, 0)",0,0
A/SER 166/O.B,A/ASN 101/CG,0,3,"(0, 0, 0)","(0, 0, 0)",0,0
A/SER 166/O.B,A/ASN 101/OD1,0,3,"(0, 0, 0)","(0, 0, 0)",0,0
A/SER 166/O.B,A/ASN 101/ND2,0,3,"(0, 0, 0)","(0, 0, 0)",0,0
A/SER 166/O.B,A/GLY 130/O,0,3,"(0, 0, 0)","(0, 0, 0)",0,0
A/SER 166/O.B,A/ILE 131/O.B,0,3,"(0, 0, 0)","(0, 0, 0)",0,0
A/SER 166/O.B,A/GLY 133/CA,0,3,"(0, 0, 0)","(0, 0, 0)",0,0
A/SER 166/CB.A,A/GLY 130/O,0,3,"(0, 0, 0)","(0, 0, 0)",0,0
A/SER 166/CB.B,A/GLY 130/O,0,3,"(0, 0, 0)","(0, 0, 0)",0,0
A/SER 166/OG.A,A/GLY 130/C,0,3,"(0, 0, 0)","(0, 0, 0)",0,0
A/SER 166/OG.A,A/GLY 130/O,0,3,"(0, 0, 0)","(0, 0, 0)",0,0
A/SER 166/OG.A,A/ALA 129/O,0,3,"(0, 0, 0)","(0, 0, 0)",0,0
A/SER 166/OG.A,A/GLY 130/CA,0,3,"(0, 0, 0)","(0, 0, 0)",0,0
A/SER 167/CA,A/ASN 101/ND2,0,3,"(0, 0, 0)","(0, 0, 0)",0,0
A/SER 167/O,A/ILE 131/CG1.A,0,3,"(0, 0, 0)","(0, 0, 0)",0,0
A/SER 167/O,A/ILE 131/CD1.A,0,3,"(0, 0, 0)","(0, 0, 0)",0,0
A/PHE 168/N,A/ASN 101/ND2,0,3,"(0, 0, 0)","(0, 0, 0)",0,0
A/PHE 168/CG,A/LYS 102/CE,0,3,"(0, 0, 0)","(0, 0, 0)",0,0
A/PHE 168/CD1,A/LYS 102/CE,0,3,"(0, 0, 0)","(0, 0, 0)",0,0
A/PHE 168/CD2,A/LYS 102/NZ,0,3,"(0, 0, 0)","(0, 0, 0)",0,0
A/PHE 168/CD2,A/LYS 102/CE,0,3,"(0, 0, 0)","(0, 0, 0)",0,0
A/PHE 168/CE1,A/LYS 102/NZ,0,3,"(0, 0, 0)","(0, 0, 0)",0,0
A/PHE 168/CE1,A/LYS 102/CE,0,3,"(0, 0, 0)","(0, 0, 0)",0,0
A/PHE 168/CE2,A/LYS 102/NZ,0,3,"(0, 0, 0)","(0, 0, 0)",0,0
A/PHE 168/CE2,A/LYS 102/CE,0,3,"(0, 0, 0)","(0, 0, 0)",0,0
A/PHE 168/CZ,A/LYS 102/NZ,0,3,"(0, 0, 0)","(0, 0, 0)",0,0
A/PHE 168/CZ,A/LYS 102/CE,0,3,"(0, 0, 0)","(0, 0, 0)",0,0
A/LEU 169/CG,A/ILE 131/CD1.A,0,3,"(0, 0, 0)","(0, 0, 0)",0,0
A/LEU 169/CD1,A/ILE 131/CD1.A,0,3,"(0, 0, 0)","(0, 0, 0)",0,0
B/SER 1/N,A/LYS 44/NZ,0,2,"(0, 0, 0)","(0, -1, -1)",1,0
B/SER 1/N,A/ASP 66/CA,0,2,"(0, 0, 0)","(0, -1, -1)",1,0
B/SER 1/N,A/ASP 66/C,0,2,"(0, 0, 0)","(0, -1, -1)",1,0
B/SER 1/N,A/ASP 66/O,0,2,"(0, 0, 0)","(0, -1, -1)",1,0
B/SER 1/N,A/ASP 66/CB,0,2,"(0, 0, 0)","(0, -1, -1)",1,0
B/SER 1/N,A/ILE 69/CB,0,2,"(0, 0, 0)","(0, -1, -1)",1,0
B/SER 1/CA,A/ILE 69/CG2,0,2,"(0, 0, 0)","(0, -1, -1)",1,0
B/SER 1/CA,A/ASP 66/O,0,2,"(0, 0, 0)","(0, -1, -1)",1,0
B/SER 1/O,A/ALA 70/CB,0,2,"(0, 0, 0)","(0, -1, -1)",1,0
B/SER 1/CB,A/ILE 69/CG2,0,2,"(0, 0, 0)","(0, -1, -1)",1,0
B/SER 1/CB,B/ALA 70/CA,0,0,"(0, 0, 0)","(0, 0, -1)",1,1
B/MET 2/CB,B/TYR 42/CE1.A,0,0,"(0, 0, 0)","(0, 0, -1)",1,1
B/MET 2/SD,B/TYR 42/CB.A,0,0,"(0, 0, 0)","(0, 0, -1)",1,1
B/MET 2/SD,B/TYR 42/CB.B,0,0,"(0, 0, 0)","(0, 0, -1)",1,1
B/MET 2/SD,B/TYR 42/CG.A,0,0,"(0, 0, 0)","(0, 0, -1)",1,1
B/MET 2/SD,B/TYR 42/CG.B,0,0,"(0, 0, 0)","(0, 0, -1)",1,1
B/MET 2/SD,B/TYR 42/CD1.A,0,0,"(0, 0, 0)","(0, 0, -1)",1,1
B/MET 2/SD,B/TYR 42/CD1.B,0,0,"(0, 0, 0)","(0, 0, -1)",1,1
B/MET 2/SD,B/TYR 42/CE1.A,0,0,"(0, 0, 0)","(0, 0, -1)",1,1
B/MET 2/CE,B/LYS 44/CE.A,0,0,"(0, 0, 0)","(0, 0, -1)",1,1
B/MET 2/CE,B/TYR 42/CB.A,0,0,"(0, 0, 0)","(0, 0, -1)",1,1
B/MET 2/CE,B/TYR 42/CB.B,0,0,"(0, 0, 0)","(0, 0, -1)",1,1
B/MET 2/CE,B/TYR 42/CG.A,0,0,"(0, 0, 0)","(0, 0, -1)",1,1
B/MET 2/CE,B/TYR 42/CG.B,0,0,"(0, 0, 0)","(0, 0, -1)",1,1
B/MET 2/CE,B/TYR 42/CD1.A,0,0,"(0, 0, 0)","(0, 0, -1)",1,1
B/VAL 3/O,B/TYR 42/OH.A,0,0,"(0, 0, 0)","(0, 0, -1)",1,1
B/VAL 3/CG1,A/ASP 67/N,0,2,"(0, 0, 0)","(0, -1, -1)",1,0
B/VAL 3/CG1,A/ASP 67/CA,0,2,"(0, 0, 0)","(0, -1, -1)",1,0
B/VAL 3/CG2,A/ALA 70/CB,0,2,"(0, 0, 0)","(0, -1, -1)",1,0
B/ASN 4/O,B/TYR 42/OH.B,0,0,"(0, 0, 0)","(0, 0, -1)",1,1
B/SER 5/CA.B,B/TYR 42/OH.B,0,0,"(0, 0, 0)","(0, 0, -1)",1,1
B/SER 5/CB.B,B/TYR 42/CE2.B,0,0,"(0, 0, 0)","(0, 0, -1)",1,1
B/SER 5/CB.B,B/TYR 42/CZ.B,0,0,"(0, 0, 0)","(0, 0, -1)",1,1
B/SER 5/CB.B,B/TYR 42/OH.B,0,0,"(0, 0, 0)","(0, 0, -1)",1,1
B/LYS 11/O,B/PHE 156/CZ,0,1,"(0, 0, 0)","(-1, 0, -1)",1,1
B/LEU 12/CD2,B/PHE 156/CE2,0,1,"(0, 0, 0)","(-1, 0, -1)",1,1
B/LEU 12/CD2,B/PHE 156/CZ,0,1,"(0, 0, 0)","(-1, 0, -1)",1,1
B/ASP 22/CG,B/LEU 169/CD1,0,3,"(0, 0, 0)","(0, -1, 0)",1,1
B/ASP 22/OD1,B/LEU 169/CD1,0,3,"(0, 0, 0)","(0, -1, 0)",1,1
B/ASP 22/OD2,B/LEU 169/CD1,0,3,"(0, 0, 0)","(0, -1, 0)",1,1
B/ILE 23/CG2,B/LEU 169/CD2,0,3,"(0, 0, 0)","(0, -1, 0)",1,1
B/LYS 31/CD,A/ASP 66/OD2,0,2,"(0, 0, 0)","(0, -1, -1)",1,0
B/LYS 31/CE,A/ASP 66/OD2,0,2,"(0, 0, 0)","(0, -1, -1)",1,0
B/TYR 42/CB.A,B/MET 2/SD,0,0,"(0, 0, 0)","(0, 0, 1)",1,1
B/TYR 42/CB.A,B/MET 2/CE,0,0,"(0, 0, 0)","(0, 0, 1)",1,1
B/TYR 42/CB.B,B/MET 2/SD,0,0,"(0, 0, 0)","(0, 0, 1)",1,1
B/TYR 42/CB.B,B/MET 2/CE,0,0,"(0, 0, 0)","(0, 0, 1)",1,1
B/TYR 42/CG.A,B/MET 2/SD,0,0,"(0, 0, 0)","(0, 0, 1)",1,1
B/TYR 42/CG.A,B/MET 2/CE,0,0,"(0, 0, 0)","(0, 0, 1)",1,1
B/TYR 42/CG.B,B/MET 2/SD,0,0,"(0, 0, 0)","(0, 0, 1)",1,1
B/TYR 42/CG.B,B/MET 2/CE,0,0,"(0, 0, 0)","(0, 0, 1)",1,1
B/TYR 42/CD1.A,B/MET 2/SD,0,0,"(0, 0, 0)","(0, 0, 1)",1,1
B/TYR 42/CD1.A,B/MET 2/CE,0,0,"(0, 0, 0)","(0, 0, 1)",1,1
B/TYR 42/CD1.B,B/MET 2/SD,0,0,"(0, 0, 0)","(0, 0, 1)",1,1
B/TYR 42/CE1.A,B/MET 2/SD,0,0,"(0, 0, 0)","(0, 0, 1)",1,1
B/TYR 42/CE1.A,B/MET 2/CB,0,0,"(0, 0, 0)","(0, 0, 1)",1,1
B/TYR 42/CE2.B,B/SER 5/CB.B,0,0,"(0, 0, 0)","(0, 0, 1)",1,1
B/TYR 42/CZ.B,B/SER 5/CB.B,0,0,"(0, 0, 0)","(0, 0, 1)",1,1
B/TYR 42/OH.A,B/VAL 3/O,0,0,"(0, 0, 0)","(0, 0, 1)",1,1
B/TYR 42/OH.B,B/SER 5/CA.B,0,0,"(0, 0, 0)","(0, 0, 1)",1,1
B/TYR 42/OH.B,B/SER 5/CB.B,0,0,"(0, 0, 0)","(0, 0, 1)",1,1
B/TYR 42/OH.B,B/ASN 4/O,0,0,"(0, 0, 0)","(0, 0, 1)",1,1
B/LYS 44/CE.A,B/MET 2/CE,0,0,"(0, 0, 0)","(0, 0, 1)",1,1
B/GLY 46/CA,B/ARG 141/CZ.C,0,3,"(0, 0, 0)","(0, -1, 0)",1,1
B/GLY 46/CA,B/ARG 141/NH2.C,0,3,"(0, 0, 0)","(0, -1, 0)",1,1
B/GLY 46/C,B/ARG 141/CD.A,0,3,"(0, 0, 0)","(0, -1, 0)",1,1
B/GLY 46/C,B/ARG 141/CZ.C,0,3,"(0, 0, 0)","(0, -1, 0)",1,1
B/GLY 46/C,B/ARG 141/NH2.C,0,3,"(0, 0, 0)","(0, -1, 0)",1,1
B/GLY 46/O,B/ARG 141/CD.B,0,3,"(0, 0, 0)","(0, -1, 0)",1,1
B/GLY 46/O,B/ARG 141/NE.A,0,3,"(0, 0, 0)","(0, -1, 0)",1,1
B/GLY 46/O,B/ARG 141/CZ.A,0,3,"(0, 0, 0)","(0, -1, 0)",1,1
B/GLY 46/O,B/ARG 141/CG.B,0,3,"(0, 0, 0)","(0, -1, 0)",1,1
B/GLY 46/O,B/ARG 141/CD.A,0,3,"(0, 0, 0)","(0, -1, 0)",1,1
B/GLY 46/O,B/ARG 141/NE.C,0,3,"(0, 0, 0)","(0, -1, 0)",1,1
B/GLY 46/O,B/ARG 141/CZ.C,0,3,"(0, 0, 0)","(0, -1, 0)",1,1
B/GLY 46/O,B/ARG 141/NH2.C,0,3,"(0, 0, 0)","(0, -1, 0)",1,1
B/GLY 47/CA,B/ARG 141/NE.B,0,3,"(0, 0, 0)","(0, -1, 0)",1,1
B/GLY 47/CA,B/ARG 141/NH1.A,0,3,"(0, 0, 0)","(0, -1, 0)",1,1
B/GLY 47/CA,B/ARG 141/CD.B,0,3,"(0, 0, 0)","(0, -1, 0)",1,1
B/GLY 47/CA,B/ARG 141/CD.A,0,3,"(0, 0, 0)","(0, -1, 0)",1,1
B/GLY 48/N,B/ARG 141/NE.B,0,3,"(0, 0, 0)","(0, -1, 0)",1,1
B/GLY 48/N,B/ARG 141/CZ.B,0,3,"(0, 0, 0)","(0, -1, 0)",1,1
B/GLY 48/N,B/ARG 141/NH1.A,0,3,"(0, 0, 0)","(0, -1, 0)",1,1
B/GLY 48/N,B/ARG 141/NH2.B,0,3,"(0, 0, 0)","(0, -1, 0)",1,1
B/GLY 48/CA,B/PHE 168/O,0,3,"(0, 0, 0)","(0, -1, 0)",1,1
B/GLY 48/CA,B/ARG 141/NH2.B,0,3,"(0, 0, 0)","(0, -1, 0)",1,1
B/GLY 48/CA,B/SER 167/O,0,3,"(0, 0, 0)","(0, -1, 0)",1,1
B/GLY 48/C,B/PHE 168/O,0,3,"(0, 0, 0)","(0, -1, 0)",1,1
B/GLY 48/O,B/PHE 168/O,0,3,"(0, 0, 0)","(0, -1, 0)",1,1
B/VAL 49/CG2,B/LEU 169/C,0,3,"(0, 0, 0)","(0, -1, 0)",1,1
B/VAL 49/CG2,B/LEU 169/O,0,3,"(0, 0, 0)","(0, -1, 0)",1,1
B/ALA 52/CB,B/LEU 169/CG,0,3,"(0, 0, 0)","(0, -1, 0)",1,1
B/ALA 52/CB,B/LEU 169/CD2,0,3,"(0, 0, 0)","(0, -1, 0)",1,1
B/LYS 55/CE,B/ASP 145/OD1,0,3,"(0, 0, 0)","(0, -1, 0)",1,1
B/LYS 55/NZ,B/VAL 144/C.A,0,3,"(0, 0, 0)","(0, -1, 0)",1,1
B/LYS 55/NZ,B/VAL 144/C.B,0,3,"(0, 0, 0)","(0, -1, 0)",1,1
B/LYS 55/NZ,B/VAL 144/O.A,0,3,"(0, 0, 0)","(0, -1, 0)",1,1
B/LYS 55/NZ,B/VAL 144/O.B,0,3,"(0, 0, 0)","(0, -1, 0)",1,1
B/LYS 55/NZ,B/VAL 144/CG1.A,0,3,"(0, 0, 0)","(0, -1, 0)",1,1
B/LYS 55/NZ,B/ASP 145/CA,0,3,"(0, 0, 0)","(0, -1, 0)",1,1
B/LYS 55/NZ,B/ASP 145/CG,0,3,"(0, 0, 0)","(0, -1, 0)",1,1
B/LYS 55/NZ,B/ASP 145/OD1,0,3,"(0, 0, 0)","(0, -1, 0)",1,1
B/LYS 55/NZ,B/ARG 141/NH2.A,0,3,"(0, 0, 0)","(0, -1, 0)",1,1
B/ALA 56/O,A/ASN 58/ND2.A,0,2,"(0, 0, 0)","(0, -1, -1)",1,0
B/ALA 56/O,A/ASN 58/ND2.B,0,2,"(0, 0, 0)","(0, -1, -1)",1,0
B/THR 57/CA,A/ASN 58/ND2.B,0,2,"(0, 0, 0)","(0, -1, -1)",1,0
B/THR 57/C,A/ASN 58/ND2.B,0,2,"(0, 0, 0)","(0, -1, -1)",1,0
B/ASN 58/CG,A/ASN 58/ND2.A,0,2,"(0, 0, 0)","(0, -1, -1)",1,0
B/ASN 58/OD1,A/ASN 58/ND2.A,0,2,"(0, 0, 0)","(0, -1, -1)",1,0
B/ASN 58/ND2,A/ASN 58/CG.A,0,2,"(0, 0, 0)","(0, -1, -1)",1,0
B/ASN 58/ND2,A/ASN 58/CG.B,0,2,"(0, 0, 0)","(0, -1, -1)",1,0
B/ASN 58/ND2,A/ASN 58/OD1.B,0,2,"(0, 0, 0)","(0, -1, -1)",1,0
B/ASN 58/ND2,A/ASN 58/ND2.A,0,2,"(0, 0, 0)","(0, -1, -1)",1,0
B/ASN 58/ND2,A/ASN 58/ND2.B,0,2,"(0, 0, 0)","(0, -1, -1)",1,0
B/ASP 67/CB,A/TYR 42/OH,0,2,"(0, 0, 0)","(0, -1, 0)",1,0
B/ASP 67/CG,A/TYR 42/OH,0,2,"(0, 0, 0)","(0, -1, 0)",1,0
B/ASP 67/OD1,A/TYR 42/CZ,0,2,"(0, 0, 0)","(0, -1, 0)",1,0
B/ASP 67/OD1,A/TYR 42/OH,0,2,"(0, 0, 0)","(0, -1, 0)",1,0
B/ASP 67/OD1,A/TYR 42/CE1,0,2,"(0, 0, 0)","(0, -1, 0)",1,0
B/ALA 70/CA,B/SER 1/CB,0,0,"(0, 0, 0)","(0, 0, 1)",1,1
B/ALA 70/C,A/PRO 74/CD.A,0,2,"(0, 0, 0)","(0, -1, 0)",1,0
B/ALA 70/O,A/ILE 69/CG2,0,2,"(0, 0, 0)","(0, -1, 0)",1,0
B/ALA 70/O,A/PRO 74/CD.A,0,2,"(0, 0, 0)","(0, -1, 0)",1,0
B/ALA 70/O,A/PRO 74/CD.B,0,2,"(0, 0, 0)","(0, -1, 0)",1,0
B/ALA 70/O,A/GLY 73/CA,0,2,"(0, 0, 0)","(0, -1, 0)",1,0
B/ALA 70/O,A/ILE 69/O,0,2,"(0, 0, 0)","(0, -1, 0)",1,0
B/ALA 70/CB,A/TYR 42/CD1,0,2,"(0, 0, 0)","(0, -1, 0)",1,0
B/ALA 70/CB,A/PRO 74/CG.A,0,2,"(0, 0, 0)","(0, -1, 0)",1,0
B/THR 71/CA,A/PRO 74/CD.A,0,2,"(0, 0, 0)","(0, -1, 0)",1,0
B/THR 71/OG1,A/PRO 74/CG.A,0,2,"(0, 0, 0)","(0, -1, 0)",1,0
B/THR 71/OG1,A/PRO 74/CG.B,0,2,"(0, 0, 0)","(0, -1, 0)",1,0
B/THR 71/OG1,A/PRO 74/CD.A,0,2,"(0, 0, 0)","(0, -1, 0)",1,0
B/THR 71/OG1,A/PRO 74/CD.B,0,2,"(0, 0, 0)","(0, -1, 0)",1,0
B/HIS 86/C,A/ALA 60/CB,0,2,"(0, 0, 0)","(0, -1, -1)",1,0
B/HIS 86/O,A/ALA 60/CA,0,2,"(0, 0, 0)","(0, -1, -1)",1,0
B/HIS 86/O,A/ALA 60/CB,0,2,"(0, 0, 0)","(0, -1, -1)",1,0
B/ASN 87/N.A,A/ALA 60/CB,0,2,"(0, 0, 0)","(0, -1, -1)",1,0
B/ASN 87/CA.A,A/ALA 60/CA,0,2,"(0, 0, 0)","(0, -1, -1)",1,0
B/ASN 87/C.A,A/VAL 63/CG2,0,2,"(0, 0, 0)","(0, -1, -1)",1,0
B/ASN 87/C.B,A/VAL 63/CG2,0,2,"(0, 0, 0)","(0, -1, -1)",1,0
B/ASN 87/O.A,A/VAL 63/CG2,0,2,"(0, 0, 0)","(0, -1, -1)",1,0
B/ASN 87/O.B,A/VAL 63/CG2,0,2,"(0, 0, 0)","(0, -1, -1)",1,0
B/ASN 87/CB.A,A/ASN 58/O.A,0,2,"(0, 0, 0)","(0, -1, -1)",1,0
B/ASN 87/CB.A,A/ALA 60/N,0,2,"(0, 0, 0)","(0, -1, -1)",1,0
B/ASN 87/CB.A,A/ALA 60/CA,0,2,"(0, 0, 0)","(0, -1, -1)",1,0
B/ASN 87/CB.B,A/ASN 58/O.B,0,2,"(0, 0, 0)","(0, -1, -1)",1,0
B/ASN 87/CB.B,A/ASN 58/ND2.B,0,2,"(0, 0, 0)","(0, -1, -1)",1,0
B/ASN 87/CG.A,A/ASN 58/O.A,0,2,"(0, 0, 0)","(0, -1, -1)",1,0
B/ASN 87/CG.B,A/ASN 58/O.B,0,2,"(0, 0, 0)","(0, -1, -1)",1,0
B/ASN 87/CG.B,A/ASN 58/ND2.B,0,2,"(0, 0, 0)","(0, -1, -1)",1,0
B/ASN 87/OD1.B,A/ASN 58/ND2.B,0,2,"(0, 0, 0)","(0, -1, -1)",1,0
B/ASN 87/ND2.A,A/ASN 58/O.A,0,2,"(0, 0, 0)","(0, -1, -1)",1,0
B/ASN 87/ND2.A,A/ASN 58/CB.A,0,2,"(0, 0, 0)","(0, -1, -1)",1,0
B/ASN 87/ND2.A,A/ASN 58/CG.A,0,2,"(0, 0, 0)","(0, -1, -1)",1,0
B/ASN 87/ND2.A,A/ASN 58/ND2.A,0,2,"(0, 0, 0)","(0, -1, -1)",1,0
B/ASN 87/ND2.B,A/ASN 58/O.B,0,2,"(0, 0, 0)","(0, -1, -1)",1,0
B/ASN 87/ND2.B,A/ASN 58/CG.B,0,2,"(0, 0, 0)","(0, -1, -1)",1,0
B/ASN 87/ND2.B,A/ASN 58/ND2.B,0,2,"(0, 0, 0)","(0, -1, -1)",1,0
B/ALA 89/N,A/VAL 63/CG1,0,2,"(0, 0, 0)","(0, -1, -1)",1,0
B/ALA 89/O,A/VAL 63/CG1,0,2,"(0, 0, 0)","(0, -1, -1)",1,0
B/LYS 90/CD.A,A/ASP 67/OD1,0,2,"(0, 0, 0)","(0, -1, -1)",1,0
B/LYS 90/CD.A,A/ASP 67/CG,0,2,"(0, 0, 0)","(0, -1, -1)",1,0
B/LYS 90/CD.A,A/ASP 67/OD2,0,2,"(0, 0, 0)","(0, -1, -1)",1,0
B/LYS 90/CD.B,A/ASP 67/OD1,0,2,"(0, 0, 0)","(0, -1, -1)",1,0
B/LYS 90/CD.B,A/ASP 67/CG,0,2,"(0, 0, 0)","(0, -1, -1)",1,0
B/LYS 90/CD.B,A/ASP 67/OD2,0,2,"(0, 0, 0)","(0, -1, -1)",1,0
B/LYS 90/CE.A,A/ASP 67/OD2,0,2,"(0, 0, 0)","(0, -1, -1)",1,0
B/LYS 90/CE.B,A/ASP 67/OD2,0,2,"(0, 0, 0)","(0, -1, -1)",1,0
B/LYS 90/NZ.A,A/ASP 67/CG,0,2,"(0, 0, 0)","(0, -1, -1)",1,0
B/LYS 90/NZ.A,A/ASP 67/OD2,0,2,"(0, 0, 0)","(0, -1, -1)",1,0
B/LYS 90/NZ.B,A/ASP 67/OD2,0,2,"(0, 0, 0)","(0, -1, -1)",1,0
B/GLY 130/CA,B/SER 167/CB,0,3,"(0, 0, 0)","(0, -1, 0)",1,1
B/GLY 130/CA,B/SER 167/CA,0,3,"(0, 0, 0)","(0, -1, 0)",1,1
B/GLY 130/C,B/SER 167/CB,0,3,"(0, 0, 0)","(0, -1, 0)",1,1
B/ILE 131/N,B/SER 167/CB,0,3,"(0, 0, 0)","(0, -1, 0)",1,1
B/ILE 131/CG2,B/SER 167/O,0,3,"(0, 0, 0)","(0, -1, 0)",1,1
B/ILE 131/CG2,B/ILE 137/CG2,0,3,"(0, 0, 0)","(0, -1, 0)",1,1
B/ILE 137/CG2,B/ILE 131/CG2,0,1,"(0, 0, 0)","(-1, 0, -1)",1,1
B/ARG 141/CG.B,B/GLY 46/O,0,1,"(0, 0, 0)","(-1, 0, -1)",1,1
B/ARG 141/CD.A,B/GLY 46/C,0,1,"(0, 0, 0)","(-1, 0, -1)",1,1
B/ARG 141/CD.A,B/GLY 47/CA,0,1,"(0, 0, 0)","(-1, 0, -1)",1,1
B/ARG 141/CD.A,B/GLY 46/O,0,1,"(0, 0, 0)","(-1, 0, -1)",1,1
B/ARG 141/CD.B,B/GLY 47/CA,0,1,"(0, 0, 0)","(-1, 0, -1)",1,1
B/ARG 141/CD.B,B/GLY 46/O,0,1,"(0, 0, 0)","(-1, 0, -1)",1,1
B/ARG 141/NE.A,B/GLY 46/O,0,1,"(0, 0, 0)","(-1, 0, -1)",1,1
B/ARG 141/NE.B,B/GLY 48/N,0,1,"(0, 0, 0)","(-1, 0, -1)",1,1
B/ARG 141/NE.B,B/GLY 47/CA,0,1,"(0, 0, 0)","(-1, 0, -1)",1,1
B/ARG 141/NE.C,B/GLY 46/O,0,1,"(0, 0, 0)","(-1, 0, -1)",1,1
B/ARG 141/CZ.A,B/GLY 46/O,0,1,"(0, 0, 0)","(-1, 0, -1)",1,1
B/ARG 141/CZ.B,B/GLY 48/N,0,1,"(0, 0, 0)","(-1, 0, -1)",1,1
B/ARG 141/CZ.C,B/GLY 46/CA,0,1,"(0, 0, 0)","(-1, 0, -1)",1,1
B/ARG 141/CZ.C,B/GLY 46/C,0,1,"(0, 0, 0)","(-1, 0, -1)",1,1
B/ARG 141/CZ.C,B/GLY 46/O,0,1,"(0, 0, 0)","(-1, 0, -1)",1,1
B/ARG 141/NH1.A,B/GLY 48/N,0,1,"(0, 0, 0)","(-1, 0, -1)",1,1
B/ARG 141/NH1.A,B/GLY 47/CA,0,1,"(0, 0, 0)","(-1, 0, -1)",1,1
B/ARG 141/NH2.A,B/LYS 55/NZ,0,1,"(0, 0, 0)","(-1, 0, -1)",1,1
B/ARG 141/NH2.B,B/GLY 48/N,0,1,"(0, 0, 0)","(-1, 0, -1)",1,1
B/ARG 141/NH2.B,B/GLY 48/CA,0,1,"(0, 0, 0)","(-1, 0, -1)",1,1
B/ARG 141/NH2.C,B/GLY 46/CA,0,1,"(0, 0, 0)","(-1, 0, -1)",1,1
B/ARG 141/NH2.C,B/GLY 46/C,0,1,"(0, 0, 0)","(-1, 0, -1)",1,1
B/ARG 141/NH2.C,B/GLY 46/O,0,1,"(0, 0, 0)","(-1, 0, -1)",1,1
B/VAL 144/C.A,B/LYS 55/NZ,0,1,"(0, 0, 0)","(-1, 0, -1)",1,1
B/VAL 144/C.B,B/LYS 55/NZ,0,1,"(0, 0, 0)","(-1, 0, -1)",1,1
B/VAL 144/O.A,B/LYS 55/NZ,0,1,"(0, 0, 0)","(-1, 0, -1)",1,1
B/VAL 144/O.B,B/LYS 55/NZ,0,1,"(0, 0, 0)","(-1, 0, -1)",1,1
B/VAL 144/CG1.A,B/LYS 55/NZ,0,1,"(0, 0, 0)","(-1, 0, -1)",1,1
B/ASP 145/CA,B/LYS 55/NZ,0,1,"(0, 0, 0)","(-1, 0, -1)",1,1
B/ASP 145/CG,B/LYS 55/NZ,0,1,"(0, 0, 0)","(-1, 0, -1)",1,1
B/ASP 145/OD1,B/LYS 55/CE,0,1,"(0, 0, 0)","(-1, 0, -1)",1,1
B/ASP 145/OD1,B/LYS 55/NZ,0,1,"(0, 0, 0)","(-1, 0, -1)",1,1
B/PHE 156/CB,B/LEU 169/CB,0,3,"(0, 0, 0)","(0, -1, 0)",1,1
B/PHE 156/CB,B/LEU 169/C,0,3,"(0, 0, 0)","(0, -1, 0)",1,1
B/PHE 156/CB,B/LEU 169/O,0,3,"(0, 0, 0)","(0, -1, 0)",1,1
B/PHE 156/CB,B/LEU 169/OXT,0,3,"(0, 0, 0)","(0, -1, 0)",1,1
B/PHE 156/CG,B/LEU 169/CB,0,3,"(0, 0, 0)","(0, -1, 0)",1,1
B/PHE 156/CD2,B/VAL 165/O,0,3,"(0, 0, 0)","(0, -1, 0)",1,1
B/PHE 156/CE2,B/LEU 12/CD2,0,3,"(0, 0, 0)","(0, -1, 0)",1,1
B/PHE 156/CZ,B/LYS 11/O,0,3,"(0, 0, 0)","(0, -1, 0)",1,1
B/PHE 156/CZ,B/LEU 12/CD2,0,3,"(0, 0, 0)","(0, -1, 0)",1,1
B/ASP 157/CB,B/VAL 165/CG1,0,3,"(0, 0, 0)","(0, -1, 0)",1,1
B/ASP 157/CB,B/SER 166/CA,0,3,"(0, 0, 0)","(0, -1, 0)",1,1
B/ASP 157/CG,B/VAL 165/CG1,0,3,"(0, 0, 0)","(0, -1, 0)",1,1
B/ASP 157/OD1,B/VAL 165/CG1,0,3,"(0, 0, 0)","(0, -1, 0)",1,1
B/ASP 157/OD2,B/VAL 165/CB,0,3,"(0, 0, 0)","(0, -1, 0)",1,1
B/ASP 157/OD2,B/VAL 165/CG1,0,3,"(0, 0, 0)","(0, -1, 0)",1,1
B/ASP 157/OD2,B/ASP 162/O,0,3,"(0, 0, 0)","(0, -1, 0)",1,1
B/ASP 157/OD2,B/SER 166/N,0,3,"(0, 0, 0)","(0, -1, 0)",1,1
B/ASP 157/OD2,B/SER 166/CA,0,3,"(0, 0, 0)","(0, -1, 0)",1,1
B/ASP 157/OD2,B/SER 166/CB,0,3,"(0, 0, 0)","(0, -1, 0)",1,1
B/LYS 158/NZ.A,B/ASN 159/ND2,0,1,"(0, 0, 0)","(-1, 0, -1)",1,1
B/ASN 159/ND2,B/LYS 158/NZ.A,0,3,"(0, 0, 0)","(0, -1, 0)",1,1
B/ASP 162/O,B/ASP 157/OD2,0,1,"(0, 0, 0)","(-1, 0, -1)",1,1
B/VAL 165/O,B/PHE 156/CD2,0,1,"(0, 0, 0)","(-1, 0, -1)",1,1
B/VAL 165/CB,B/ASP 157/OD2,0,1,"(0, 0, 0)","(-1, 0, -1)",1,1
B/VAL 165/CG1,B/ASP 157/CB,0,1,"(0, 0, 0)","(-1, 0, -1)",1,1
B/VAL 165/CG1,B/ASP 157/CG,0,1,"(0, 0, 0)","(-1, 0, -1)",1,1
B/VAL 165/CG1,B/ASP 157/OD1,0,1,"(0, 0, 0)","(-1, 0, -1)",1,1
B/VAL 165/CG1,B/ASP 157/OD2,0,1,"(0, 0, 0)","(-1, 0, -1)",1,1
B/SER 166/N,B/ASP 157/OD2,0,1,"(0, 0, 0)","(-1, 0, -1)",1,1
B/SER 166/CA,B/ASP 157/CB,0,1,"(0, 0, 0)","(-1, 0, -1)",1,1
B/SER 166/CA,B/ASP 157/OD2,0,1,"(0, 0, 0)","(-1, 0, -1)",1,1
B/SER 166/CB,B/ASP 157/OD2,0,1,"(0, 0, 0)","(-1, 0, -1)",1,1
B/SER 167/CA,B/GLY 130/CA,0,1,"(0, 0, 0)","(-1, 0, -1)",1,1
B/SER 167/O,B/GLY 48/CA,0,1,"(0, 0, 0)","(-1, 0, -1)",1,1
B/SER 167/O,B/ILE 131/CG2,0,1,"(0, 0, 0)","(-1, 0, -1)",1,1
B/SER 167/CB,B/GLY 130/CA,0,1,"(0, 0, 0)","(-1, 0, -1)",1,1
B/SER 167/CB,B/GLY 130/C,0,1,"(0, 0, 0)","(-1, 0, -1)",1,1
B/SER 167/CB,B/ILE 131/N,0,1,"(0, 0, 0)","(-1, 0, -1)",1,1
B/PHE 168/O,B/GLY 48/CA,0,1,"(0, 0, 0)","(-1, 0, -1)",1,1
B/PHE 168/O,B/GLY 48/C,0,1,"(0, 0, 0)","(-1, 0, -1)",1,1
B/PHE 168/O,B/GLY 48/O,0,1,"(0, 0, 0)","(-1, 0, -1)",1,1
B/LEU 169/C,B/PHE 156/CB,0,1,"(0, 0, 0)","(-1, 0, -1)",1,1
B/LEU 169/C,B/VAL 49/CG2,0,1,"(0, 0, 0)","(-1, 0, -1)",1,1
B/LEU 169/O,B/PHE 156/CB,0,1,"(0, 0, 0)","(-1, 0, -1)",1,1
B/LEU 169/O,B/VAL 49/CG2,0,1,"(0, 0, 0)","(-1, 0, -1)",1,1
B/LEU 169/CB,B/PHE 156/CB,0,1,"(0, 0, 0)","(-1, 0, -1)",1,1
B/LEU 169/CB,B/PHE 156/CG,0,1,"(0, 0, 0)","(-1, 0, -1)",1,1
B/LEU 169/CG,B/ALA 52/CB,0,1,"(0, 0, 0)","(-1, 0, -1)",1,1
B/LEU 169/CD1,B/ASP 22/CG,0,1,"(0, 0, 0)","(-1, 0, -1)",1,1
B/LEU 169/CD1,B/ASP 22/OD1,0,1,"(0, 0, 0)","(-1, 0, -1)",1,1
B/LEU 169/CD1,B/ASP 22/OD2,0,1,"(0, 0, 0)","(-1, 0, -1)",1,1
B/LEU 169/CD2,B/ILE 23/CG2,0,1,"(0, 0, 0)","(-1, 0, -1)",1,1
B/LEU 169/CD2,B/ALA 52/CB,0,1,"(0, 0, 0)","(-1, 0, -1)",1,1
B/LEU 169/OXT,B/PHE 156/CB,0,1,"(0, 0, 0)","(-1, 0, -1)",1,1
