o1,o2,c2_1,c2_2,c2_3,interface,a1,a2,r1_1,r1_2,r1_3,r2_1,r2_2,r2_3
1,1,-1,0,-1,2,1,67,-2.267,8.217,9.705,-3.99235011568034,8.0356771267671,6.64793709324751
1,1,0,0,-1,6,2,91,6.614,10.605,12.496,7.45714988431965,13.1186771267671,9.97193709324752
1,1,0,0,-1,6,2,89,6.614,10.605,12.496,6.55414988431966,11.2796771267671,8.67293709324751
1,1,0,0,-1,6,3,89,3.779,9.967,10.439,6.55414988431966,11.2796771267671,8.67293709324751
1,1,0,0,-1,6,3,88,3.779,9.967,10.439,5.75814988431966,10.8266771267671,7.50593709324751
1,1,0,0,-1,6,3,87,3.779,9.967,10.439,5.74514988431966,9.3196771267671,7.26993709324751
1,1,0,0,-1,6,4,93,3.974,13.43,11.508,6.48514988431966,15.1316771267671,10.4439370932475
1,1,0,0,-1,6,4,90,3.974,13.43,11.508,6.45614988431966,12.7516771267671,8.96393709324751
1,1,0,0,-1,6,4,92,3.974,13.43,11.508,7.43314988431965,14.3026771267671,10.6049370932475
1,1,0,0,-1,6,4,91,3.974,13.43,11.508,7.45714988431965,13.1186771267671,9.97193709324752
1,1,0,0,-1,6,5,95,2.352,13.582,9.967,2.43214988431966,12.6766771267671,6.29393709324752
1,1,0,0,-1,6,6,93,2.711,14.935,9.523,6.48514988431966,15.1316771267671,10.4439370932475
1,1,0,0,-1,6,6,95,2.711,14.935,9.523,2.43214988431966,12.6766771267671,6.29393709324752
1,1,0,0,-1,6,7,128,3.441,24.109,8.009,4.58114988431966,25.0316771267671,4.88493709324751
1,1,0,0,-1,6,7,126,3.441,24.109,8.009,2.48814988431966,24.0936771267671,4.47793709324752
1,1,0,0,-1,6,7,124,3.441,24.109,8.009,2.98614988431966,21.4116771267671,5.24493709324751
1,1,0,0,-1,6,7,127,3.441,24.109,8.009,3.93114988431967,24.3976771267671,4.13793709324751
1,1,0,0,-1,6,8,124,3.142,23.589,7.89,2.98614988431966,21.4116771267671,5.24493709324751
1,1,0,0,-1,6,8,126,3.142,23.589,7.89,2.48814988431966,24.0936771267671,4.47793709324752
1,1,0,0,-1,6,8,128,3.142,23.589,7.89,4.58114988431966,25.0316771267671,4.88493709324751
1,1,0,0,-1,6,8,127,3.142,23.589,7.89,3.93114988431967,24.3976771267671,4.13793709324751
1,1,0,0,-1,6,9,121,-1.016,19.69,7.564,-0.234850115680339,18.3796771267671,4.33393709324751
1,1,0,0,-1,6,10,124,-0.139999999999997,21.257,7.344,2.98614988431966,21.4116771267671,5.24493709324751
1,1,0,0,-1,6,10,123,-0.139999999999997,21.257,7.344,2.24614988431966,21.6336771267671,4.25393709324752
1,1,-1,0,-1,2,11,65,-1.457,14.359,7.03,-2.31835011568034,10.8276771267671,5.44293709324751
1,1,0,0,-1,6,12,122,-0.337999999999996,15.21,6.469,1.40914988431966,16.9136771267671,4.18893709324752
1,1,0,0,-1,6,12,95,-0.337999999999996,15.21,6.469,2.43214988431966,12.6766771267671,6.29393709324752
1,1,0,0,-1,6,12,121,-0.337999999999996,15.21,6.469,-0.234850115680339,18.3796771267671,4.33393709324751
1,1,0,0,-1,6,12,120,-0.337999999999996,15.21,6.469,0.932149884319661,18.0906771267671,4.10693709324751
1,1,0,0,-1,6,13,122,0.421000000000003,15.878,7.225,1.40914988431966,16.9136771267671,4.18893709324752
1,1,0,0,-1,6,13,120,0.421000000000003,15.878,7.225,0.932149884319661,18.0906771267671,4.10693709324751
1,1,0,0,-1,6,13,121,0.421000000000003,15.878,7.225,-0.234850115680339,18.3796771267671,4.33393709324751
1,1,0,0,-1,6,13,95,0.421000000000003,15.878,7.225,2.43214988431966,12.6766771267671,6.29393709324752
1,1,0,0,-1,6,14,122,-0.215999999999999,15.212,5.197,1.40914988431966,16.9136771267671,4.18893709324752
1,1,0,0,-1,6,14,117,-0.215999999999999,15.212,5.197,-1.85885011568034,15.9376771267671,2.82193709324751
1,1,0,0,-1,6,14,121,-0.215999999999999,15.212,5.197,-0.234850115680339,18.3796771267671,4.33393709324751
1,1,0,0,-1,6,14,120,-0.215999999999999,15.212,5.197,0.932149884319661,18.0906771267671,4.10693709324751
1,1,0,0,-1,6,14,116,-0.215999999999999,15.212,5.197,-0.882850115680339,15.3176771267671,1.86393709324751
1,1,0,0,-1,6,14,95,-0.215999999999999,15.212,5.197,2.43214988431966,12.6766771267671,6.29393709324752
1,1,-1,0,-1,2,15,71,-11.91,14.28,10.489,-12.6483501156803,11.6696771267671,7.85493709324752
1,1,-1,0,-1,2,15,70,-11.91,14.28,10.489,-14.0103501156803,11.8326771267671,8.13893709324751
1,1,-1,0,-1,2,16,72,-10.664,13.586,10.513,-11.7863501156803,10.7396771267671,8.33793709324751
1,1,-1,0,-1,2,16,71,-10.664,13.586,10.513,-12.6483501156803,11.6696771267671,7.85493709324752
1,1,-1,0,-1,2,16,74,-10.664,13.586,10.513,-10.5553501156803,10.7606771267671,7.89093709324751
1,1,-1,0,-1,2,17,74,-9.582,13.841,9.758,-10.5553501156803,10.7606771267671,7.89093709324751
1,1,-1,0,-1,2,17,73,-9.582,13.841,9.758,-11.2773501156803,11.6886771267671,6.87393709324751
1,1,-1,0,-1,2,18,69,-9.583,14.836,8.829,-8.63335011568034,12.2456771267671,6.00593709324752
1,1,-1,0,-1,2,19,74,-8.536,13.038,9.968,-10.5553501156803,10.7606771267671,7.89093709324751
1,1,-1,0,-1,2,19,68,-8.536,13.038,9.968,-7.09235011568034,10.8056771267671,7.03793709324752
1,1,-1,0,0,3,20,46,-13.761,15.487,15.359,-16.3735,13.873,15.714
1,1,-1,0,0,3,20,45,-13.761,15.487,15.359,-17.4475,14.358,16.227
1,1,-1,0,0,3,21,138,-11.908,19.233,19.778,-14.6865,20.562,22.308
1,1,-1,0,0,3,22,138,-12.317,19.897,20.739,-14.6865,20.562,22.308
1,1,-1,0,0,3,22,139,-12.317,19.897,20.739,-13.9255,22.488,21.355
1,1,-1,0,0,3,22,137,-12.317,19.897,20.739,-14.6905,21.92,22.152
1,1,-1,0,0,3,23,139,-11.822,23.979,19.697,-13.9255,22.488,21.355
1,1,0,1,0,-4,24,109,-11.904,27.809,21.802,-14.2368428605528,30.6347018154238,23.281
1,1,0,1,0,-4,25,111,-11.065,28.279,22.569,-9.53684286055283,31.1297018154238,23.714
1,1,0,1,0,-4,25,110,-11.065,28.279,22.569,-11.1098428605528,31.9827018154238,21.98
1,1,0,1,0,-4,25,106,-11.065,28.279,22.569,-13.7238428605528,28.3337018154238,25.362
1,1,0,1,0,-4,26,49,-9.55199999999999,28.228,20.482,-7.96184286055283,30.8997018154238,19.465
1,1,0,1,0,-4,26,51,-9.55199999999999,28.228,20.482,-9.74084286055284,31.2657018154238,18.176
1,1,0,1,0,-4,26,48,-9.55199999999999,28.228,20.482,-8.48584286055283,31.4157018154238,18.459
1,1,0,1,0,-4,27,109,-13.129,28.366,21.681,-14.2368428605528,30.6347018154238,23.281
1,1,0,1,0,-4,27,106,-13.129,28.366,21.681,-13.7238428605528,28.3337018154238,25.362
1,1,0,1,0,-4,27,108,-13.129,28.366,21.681,-14.5708428605528,30.5147018154238,24.469
1,1,0,1,0,-4,28,51,-11.473,28.818,19.626,-9.74084286055284,31.2657018154238,18.176
1,1,0,1,0,-4,28,112,-11.473,28.818,19.626,-11.9258428605528,32.2457018154238,19.226
1,1,0,1,0,-4,28,110,-11.473,28.818,19.626,-11.1098428605528,31.9827018154238,21.98
1,1,-1,0,0,3,29,139,-11.205,24.874,22.683,-13.9255,22.488,21.355
1,1,-1,0,0,3,30,139,-11.169,24.912,22.69,-13.9255,22.488,21.355
1,1,0,1,0,-4,31,106,-12.025,25.39,23.449,-13.7238428605528,28.3337018154238,25.362
1,1,0,1,0,-4,32,106,-12.015,25.436,23.417,-13.7238428605528,28.3337018154238,25.362
1,1,-1,0,0,3,33,139,-10.736,23.66,22.88,-13.9255,22.488,21.355
1,1,-1,0,0,3,34,139,-11.18,22.863,24.047,-13.9255,22.488,21.355
1,1,-1,0,0,3,35,138,-12.474,20.08,25.152,-14.6865,20.562,22.308
1,1,0,1,0,-4,36,76,-12.101,23.461,32.024,-11.0488428605528,27.0287018154238,33.28
1,1,0,1,0,-4,37,76,-11.53,24.094,33.084,-11.0488428605528,27.0287018154238,33.28
1,1,0,1,0,-4,37,77,-11.53,24.094,33.084,-12.2128428605528,26.7067018154238,35.796
1,1,0,1,0,-4,37,75,-11.53,24.094,33.084,-11.8418428605528,27.9017018154238,33.683
1,1,0,1,0,-4,38,106,-10.444,26.494,26.048,-13.7238428605528,28.3337018154238,25.362
1,1,0,1,0,-4,39,111,-9.721,27.717,25.739,-9.53684286055283,31.1297018154238,23.714
1,1,0,1,0,-4,40,111,-7.61199999999999,28.535,25.056,-9.53684286055283,31.1297018154238,23.714
1,1,0,1,0,-4,40,58,-7.61199999999999,28.535,25.056,-4.63184286055283,29.3327018154238,27.125
1,1,0,1,0,-4,41,58,-4.485,25.806,26.561,-4.63184286055283,29.3327018154238,27.125
1,1,0,1,0,-4,41,57,-4.485,25.806,26.561,-3.08284286055283,29.2877018154238,26.292
1,1,0,1,0,-4,42,58,-4.067,26.007,27.857,-4.63184286055283,29.3327018154238,27.125
1,1,0,1,0,-4,42,54,-4.067,26.007,27.857,-3.91784286055284,29.6627018154238,28.219
1,1,0,1,0,-4,42,57,-4.067,26.007,27.857,-3.08284286055283,29.2877018154238,26.292
1,1,0,1,0,-4,42,56,-4.067,26.007,27.857,-4.63784286055283,29.5557018154238,29.352
1,1,0,1,0,-4,43,81,-4.45599999999999,25.658,30.236,-6.23584286055284,27.6897018154238,32.563
1,1,0,1,0,-4,43,82,-4.45599999999999,25.658,30.236,-6.56984286055283,28.2767018154238,31.478
1,1,0,1,0,-4,43,80,-4.45599999999999,25.658,30.236,-6.81384286055283,26.5287018154238,32.804
1,1,0,1,0,-4,44,49,-5.77399999999999,27.931,19.742,-7.96184286055283,30.8997018154238,19.465
1,1,1,0,0,-3,45,20,9.97700000000001,14.358,16.227,13.6635,15.487,15.359
1,1,1,0,0,-3,46,20,11.051,13.873,15.714,13.6635,15.487,15.359
1,1,0,0,-1,6,47,93,4.822,15.861,13.886,6.48514988431966,15.1316771267671,10.4439370932475
1,1,0,-1,0,4,48,26,3.488,1.596,18.459,2.42184286055284,-1.59170181542377,20.482
1,1,0,-1,0,4,49,26,4.012,1.08,19.465,2.42184286055284,-1.59170181542377,20.482
1,1,0,-1,0,4,49,44,4.012,1.08,19.465,6.19984286055284,-1.88870181542377,19.742
1,1,0,-1,0,4,50,149,5.542,2.048,15.897,8.69784286055284,2.63029818457623,14.759
1,1,0,-1,0,4,50,150,5.542,2.048,15.897,7.85784286055284,1.75929818457623,12.884
1,1,0,-1,0,4,50,148,5.542,2.048,15.897,8.74984286055284,1.80929818457623,13.799
1,1,0,-1,0,4,51,28,2.233,1.446,18.176,0.500842860552836,-1.00170181542377,19.626
1,1,0,-1,0,4,51,26,2.233,1.446,18.176,2.42184286055284,-1.59170181542377,20.482
1,1,1,0,0,-3,52,100,10.672,2.888,30.616,13.7895,2.977,33.001
1,1,1,0,0,-3,53,100,10.938,2.993,30.513,13.7895,2.977,33.001
1,1,0,-1,0,4,54,42,8.056,-0.157,28.219,7.90684286055284,-3.81270181542376,27.857
1,1,0,-1,0,4,55,133,10.822,0.461000000000001,26.768,12.1148428605528,-3.27270181542378,27.008
1,1,0,-1,0,4,56,42,7.336,-0.264,29.352,7.90684286055284,-3.81270181542376,27.857
1,1,0,-1,0,4,57,41,8.891,-0.532,26.292,7.48884286055283,-4.01370181542377,26.561
1,1,0,-1,0,4,57,42,8.891,-0.532,26.292,7.90684286055284,-3.81270181542376,27.857
1,1,0,-1,0,4,58,42,7.342,-0.487,27.125,7.90684286055284,-3.81270181542376,27.857
1,1,0,-1,0,4,58,41,7.342,-0.487,27.125,7.48884286055283,-4.01370181542377,26.561
1,1,0,-1,0,4,58,40,7.342,-0.487,27.125,4.36184286055284,-1.28470181542377,25.056
1,1,1,0,0,-3,59,100,11.056,5.06,31.919,13.7895,2.977,33.001
1,1,1,0,0,-3,60,100,11.081,5.104,31.927,13.7895,2.977,33.001
1,1,1,0,0,-3,61,100,12.302,5.228,31.763,13.7895,2.977,33.001
1,1,1,0,0,-3,61,97,12.302,5.228,31.763,15.7535,4.36,32.959
1,1,1,0,0,-3,61,98,12.302,5.228,31.763,15.0745,3.066,33.272
1,1,1,0,0,-3,62,100,12.325,5.286,31.823,13.7895,2.977,33.001
1,1,1,0,0,-3,62,97,12.325,5.286,31.823,15.7535,4.36,32.959
1,1,1,0,0,-3,62,98,12.325,5.286,31.823,15.0745,3.066,33.272
1,1,1,0,0,-3,63,100,11.598,5.528,35.162,13.7895,2.977,33.001
1,1,1,0,0,-3,64,100,11.174,4.398,35.404,13.7895,2.977,33.001
1,1,1,0,1,-2,65,11,14.178,7.311,37.991,15.0393501156803,10.8423228732329,39.5780629067525
1,1,1,0,0,-3,66,94,15.47,5.986,36.332,18.8465,5.458,35.775
1,1,1,0,0,-3,66,97,15.47,5.986,36.332,15.7535,4.36,32.959
1,1,1,0,0,-3,66,96,15.47,5.986,36.332,17.3135,8.669,34.43
1,1,1,0,1,-2,67,1,12.504,4.519,39.196,14.2293501156803,4.7003228732329,42.2530629067525
1,1,1,0,1,-2,68,19,9.404,7.289,39.586,7.96035011568035,9.5213228732329,42.5160629067525
1,1,1,0,1,-2,69,18,7.863,8.729,38.554,6.91335011568034,11.3193228732329,41.3770629067525
1,1,1,0,1,-2,70,15,2.486,8.316,40.687,4.58635011568034,10.7633228732329,43.0370629067525
1,1,1,0,1,-2,71,15,3.848,8.153,40.403,4.58635011568034,10.7633228732329,43.0370629067525
1,1,1,0,1,-2,71,16,3.848,8.153,40.403,5.83235011568034,10.0693228732329,43.0610629067525
1,1,1,0,1,-2,72,16,4.71,7.223,40.886,5.83235011568034,10.0693228732329,43.0610629067525
1,1,1,0,1,-2,73,17,5.219,8.172,39.422,6.91435011568034,10.3243228732329,42.3060629067525
1,1,1,0,1,-2,74,19,5.94100000000001,7.244,40.439,7.96035011568035,9.5213228732329,42.5160629067525
1,1,1,0,1,-2,74,17,5.94100000000001,7.244,40.439,6.91435011568034,10.3243228732329,42.3060629067525
1,1,1,0,1,-2,74,16,5.94100000000001,7.244,40.439,5.83235011568034,10.0693228732329,43.0610629067525
1,1,0,-1,0,4,75,37,0.132000000000003,-1.918,33.683,0.443842860552836,-5.72570181542377,33.084
1,1,0,-1,0,4,76,37,0.925000000000001,-2.791,33.28,0.443842860552836,-5.72570181542377,33.084
1,1,0,-1,0,4,76,36,0.925000000000001,-2.791,33.28,-0.127157139447167,-6.35870181542378,32.024
1,1,0,-1,0,4,77,37,-0.238999999999999,-3.113,35.796,0.443842860552836,-5.72570181542377,33.084
1,1,0,-1,1,5,78,158,1.42000000000001,-4.124,37.22,0.482692976233178,-6.85737894219087,38.2250629067525
1,1,0,-1,1,5,78,157,1.42000000000001,-4.124,37.22,0.338692976233176,-6.15937894219087,39.5000629067525
1,1,0,-1,1,5,78,151,1.42000000000001,-4.124,37.22,1.91069297623318,-3.49637894219086,41.0570629067525
1,1,0,-1,0,4,79,129,5.354,-4.118,33.981,7.51884286055283,-7.25770181542377,33.755
1,1,0,-1,0,4,79,130,5.354,-4.118,33.981,7.60684286055283,-6.73670181542377,32.343
1,1,0,-1,0,4,80,43,5.16,-3.291,32.804,7.51784286055284,-4.16170181542377,30.236
1,1,0,-1,0,4,81,43,5.738,-2.13,32.563,7.51784286055284,-4.16170181542377,30.236
1,1,0,-1,0,4,82,43,5.404,-1.543,31.478,7.51784286055284,-4.16170181542377,30.236
1,1,0,-1,1,5,83,152,4.75,-1.014,38.132,2.96369297623317,-2.46437894219086,41.4010629067525
1,1,0,-1,1,5,84,153,2.982,1.877,41.98,2.69869297623318,-1.91137894219087,42.6830629067525
1,1,0,-1,1,5,84,154,2.982,1.877,41.98,3.60369297623318,-1.68037894219087,43.6180629067525
1,1,0,-1,1,5,85,156,4.23999999999999,2.143,42.833,3.14569297623318,-1.13837894219087,44.6800629067525
1,1,0,-1,1,5,85,154,4.23999999999999,2.143,42.833,3.60369297623318,-1.68037894219087,43.6180629067525
1,1,0,-1,1,5,86,155,5.353,1.591,42.015,4.93869297623317,-1.81237894219087,43.4470629067525
1,1,0,0,1,-6,87,3,-5.183,5.803,39.818,-7.14914988431966,6.4503228732329,42.9870629067525
1,1,0,0,1,-6,88,3,-5.17,7.31,40.054,-7.14914988431966,6.4503228732329,42.9870629067525
1,1,0,0,1,-6,89,3,-4.374,7.763,41.221,-7.14914988431966,6.4503228732329,42.9870629067525
1,1,0,0,1,-6,89,2,-4.374,7.763,41.221,-4.31414988431966,7.0883228732329,45.0440629067525
1,1,0,0,1,-6,90,4,-4.472,9.235,41.512,-6.95414988431966,9.9133228732329,44.0560629067525
1,1,0,0,1,-6,91,2,-3.47100000000001,9.602,42.52,-4.31414988431966,7.0883228732329,45.0440629067525
1,1,0,0,1,-6,91,4,-3.47100000000001,9.602,42.52,-6.95414988431966,9.9133228732329,44.0560629067525
1,1,0,0,1,-6,92,4,-3.495,10.786,43.153,-6.95414988431966,9.9133228732329,44.0560629067525
1,1,0,0,1,-6,93,4,-4.44299999999999,11.615,42.992,-6.95414988431966,9.9133228732329,44.0560629067525
1,1,0,0,1,-6,93,6,-4.44299999999999,11.615,42.992,-8.21714988431966,11.4183228732329,42.0710629067525
1,1,0,0,1,-6,93,47,-4.44299999999999,11.615,42.992,-6.10614988431965,12.3443228732329,46.4340629067525
1,1,-1,0,0,3,94,66,-8.578,5.458,35.775,-11.9545,5.986,36.332
1,1,0,0,1,-6,95,12,-8.496,9.16,38.842,-11.2661498843197,11.6933228732329,39.0170629067525
1,1,0,0,1,-6,95,5,-8.496,9.16,38.842,-8.57614988431966,10.0653228732329,42.5150629067525
1,1,0,0,1,-6,95,14,-8.496,9.16,38.842,-11.1441498843197,11.6953228732329,37.7450629067525
1,1,0,0,1,-6,95,13,-8.496,9.16,38.842,-10.5071498843197,12.3613228732329,39.7730629067525
1,1,0,0,1,-6,95,6,-8.496,9.16,38.842,-8.21714988431966,11.4183228732329,42.0710629067525
1,1,-1,0,0,3,96,66,-10.111,8.669,34.43,-11.9545,5.986,36.332
1,1,-1,0,0,3,97,62,-11.671,4.36,32.959,-15.0995,5.286,31.823
1,1,-1,0,0,3,97,61,-11.671,4.36,32.959,-15.1225,5.228,31.763
1,1,-1,0,0,3,97,66,-11.671,4.36,32.959,-11.9545,5.986,36.332
1,1,-1,-1,0,1,98,141,-12.35,3.066,33.272,-11.6196571394472,-0.381701815423771,32.345
1,1,-1,-1,0,1,98,140,-12.35,3.066,33.272,-12.1136571394472,0.054298184576226,31.031
1,1,-1,0,0,3,98,62,-12.35,3.066,33.272,-15.0995,5.286,31.823
1,1,-1,0,0,3,98,61,-12.35,3.066,33.272,-15.1225,5.228,31.763
1,1,-1,-1,0,1,99,141,-11.725,2.124,33.774,-11.6196571394472,-0.381701815423771,32.345
1,1,-1,-1,0,1,99,140,-11.725,2.124,33.774,-12.1136571394472,0.054298184576226,31.031
1,1,-1,-1,0,1,100,140,-13.635,2.977,33.001,-12.1136571394472,0.054298184576226,31.031
1,1,-1,-1,0,1,100,141,-13.635,2.977,33.001,-11.6196571394472,-0.381701815423771,32.345
1,1,-1,0,0,3,100,61,-13.635,2.977,33.001,-15.1225,5.228,31.763
1,1,-1,0,0,3,100,62,-13.635,2.977,33.001,-15.0995,5.286,31.823
1,1,-1,0,0,3,100,59,-13.635,2.977,33.001,-16.3685,5.06,31.919
1,1,-1,0,0,3,100,60,-13.635,2.977,33.001,-16.3435,5.104,31.927
1,1,-1,0,0,3,100,53,-13.635,2.977,33.001,-16.4865,2.993,30.513
1,1,-1,0,0,3,100,64,-13.635,2.977,33.001,-16.2505,4.398,35.404
1,1,-1,0,0,3,100,52,-13.635,2.977,33.001,-16.7525,2.888,30.616
1,1,-1,0,0,3,100,63,-13.635,2.977,33.001,-15.8265,5.528,35.162
1,1,-1,-1,0,1,101,140,-10.723,2.95,30.817,-12.1136571394472,0.054298184576226,31.031
1,1,-1,-1,0,1,101,141,-10.723,2.95,30.817,-11.6196571394472,-0.381701815423771,32.345
1,1,-1,-1,0,1,102,143,-9.19,3.932,28.151,-11.0376571394472,2.26429818457624,25.138
1,1,-1,-1,0,1,103,136,-5.326,-1.091,28.762,-5.48865713944716,-3.89970181542377,26.522
1,1,-1,-1,0,1,104,136,-6.544,-0.908,27.89,-5.48865713944716,-3.89970181542377,26.522
1,1,-1,-1,0,1,104,134,-6.544,-0.908,27.89,-8.68565713944717,-3.47270181542377,29.072
1,1,-1,-1,0,1,104,142,-6.544,-0.908,27.89,-9.57765713944717,-0.0377018154237749,25.819
1,1,-1,-1,0,1,104,135,-6.544,-0.908,27.89,-6.42465713944716,-4.71070181542377,26.771
1,1,-1,-1,0,1,105,142,-7.44,0.0640000000000001,28.669,-9.57765713944717,-0.0377018154237749,25.819
1,1,-1,-1,0,1,105,134,-7.44,0.0640000000000001,28.669,-8.68565713944717,-3.47270181542377,29.072
1,1,0,-1,0,4,106,27,-1.75,-1.486,25.362,-1.15515713944716,-1.45370181542377,21.681
1,1,0,-1,0,4,106,38,-1.75,-1.486,25.362,1.52984286055283,-3.32570181542377,26.048
1,1,0,-1,0,4,106,25,-1.75,-1.486,25.362,0.908842860552837,-1.54070181542377,22.569
1,1,0,-1,0,4,106,32,-1.75,-1.486,25.362,-0.0411571394471659,-4.38370181542377,23.417
1,1,0,-1,0,4,106,31,-1.75,-1.486,25.362,-0.0511571394471684,-4.42970181542377,23.449
1,1,-1,-1,0,1,107,136,-3.051,-1.9,25.701,-5.48865713944716,-3.89970181542377,26.522
1,1,0,-1,0,4,108,27,-2.597,0.695000000000001,24.469,-1.15515713944716,-1.45370181542377,21.681
1,1,0,-1,0,4,109,27,-2.263,0.815,23.281,-1.15515713944716,-1.45370181542377,21.681
1,1,0,-1,0,4,109,24,-2.263,0.815,23.281,0.0698428605528365,-2.01070181542377,21.802
1,1,0,-1,0,4,110,25,0.864,2.163,21.98,0.908842860552837,-1.54070181542377,22.569
1,1,0,-1,0,4,110,28,0.864,2.163,21.98,0.500842860552836,-1.00170181542377,19.626
1,1,0,-1,0,4,111,25,2.437,1.31,23.714,0.908842860552837,-1.54070181542377,22.569
1,1,0,-1,0,4,111,40,2.437,1.31,23.714,4.36184286055284,-1.28470181542377,25.056
1,1,0,-1,0,4,111,39,2.437,1.31,23.714,2.25284286055284,-2.10270181542377,25.739
1,1,0,-1,0,4,112,28,0.0480000000000018,2.426,19.226,0.500842860552836,-1.00170181542377,19.626
1,1,-1,-1,0,1,113,145,-9.136,4.887,16.75,-11.4606571394472,2.72629818457623,17.001
1,1,-1,-1,0,1,113,147,-9.136,4.887,16.75,-12.1186571394472,3.27129818457622,14.79
1,1,-1,-1,0,1,114,145,-8.888,4.306,15.968,-11.4606571394472,2.72629818457623,17.001
1,1,-1,-1,0,1,114,147,-8.888,4.306,15.968,-12.1186571394472,3.27129818457622,14.79
1,1,-1,-1,0,1,114,146,-8.888,4.306,15.968,-12.5066571394472,2.78029818457624,15.853
1,1,-1,-1,0,1,115,144,-7.399,5.77,23.33,-10.2186571394472,3.58129818457623,23.385
1,1,0,0,1,-6,116,14,-11.811,11.801,34.412,-11.1441498843197,11.6953228732329,37.7450629067525
1,1,0,0,1,-6,117,14,-12.787,12.421,35.37,-11.1441498843197,11.6953228732329,37.7450629067525
1,1,0,0,1,-6,118,163,-12.567,17.592,31.217,-15.7731498843197,16.3453228732329,30.7060629067525
1,1,0,0,1,-6,119,159,-11.908,18.446,35.237,-12.1991498843197,21.1013228732329,36.9910629067525
1,1,0,0,1,-6,120,14,-9.996,14.574,36.655,-11.1441498843197,11.6953228732329,37.7450629067525
1,1,0,0,1,-6,120,13,-9.996,14.574,36.655,-10.5071498843197,12.3613228732329,39.7730629067525
1,1,0,0,1,-6,120,12,-9.996,14.574,36.655,-11.2661498843197,11.6933228732329,39.0170629067525
1,1,0,0,1,-6,121,14,-11.163,14.863,36.882,-11.1441498843197,11.6953228732329,37.7450629067525
1,1,0,0,1,-6,121,9,-11.163,14.863,36.882,-11.9441498843197,16.1733228732329,40.1120629067525
1,1,0,0,1,-6,121,12,-11.163,14.863,36.882,-11.2661498843197,11.6933228732329,39.0170629067525
1,1,0,0,1,-6,121,13,-11.163,14.863,36.882,-10.5071498843197,12.3613228732329,39.7730629067525
1,1,0,0,1,-6,122,14,-9.519,13.397,36.737,-11.1441498843197,11.6953228732329,37.7450629067525
1,1,0,0,1,-6,122,12,-9.519,13.397,36.737,-11.2661498843197,11.6933228732329,39.0170629067525
1,1,0,0,1,-6,122,13,-9.519,13.397,36.737,-10.5071498843197,12.3613228732329,39.7730629067525
1,1,0,0,1,-6,123,10,-8.682,18.117,36.802,-11.0681498843197,17.7403228732329,39.8920629067525
1,1,0,0,1,-6,124,8,-7.942,17.895,37.793,-7.78614988431966,20.0723228732329,40.4380629067525
1,1,0,0,1,-6,124,10,-7.942,17.895,37.793,-11.0681498843197,17.7403228732329,39.8920629067525
1,1,0,0,1,-6,124,7,-7.942,17.895,37.793,-7.48714988431965,20.5923228732329,40.5570629067525
1,1,0,0,1,-6,125,159,-8.92599999999999,19.316,36.379,-12.1991498843197,21.1013228732329,36.9910629067525
1,1,0,0,1,-6,126,8,-8.43999999999999,20.577,37.026,-7.78614988431966,20.0723228732329,40.4380629067525
1,1,0,0,1,-6,126,7,-8.43999999999999,20.577,37.026,-7.48714988431965,20.5923228732329,40.5570629067525
1,1,0,0,1,-6,126,159,-8.43999999999999,20.577,37.026,-12.1991498843197,21.1013228732329,36.9910629067525
1,1,0,0,1,-6,127,7,-6.99699999999999,20.881,36.686,-7.48714988431965,20.5923228732329,40.5570629067525
1,1,0,0,1,-6,127,8,-6.99699999999999,20.881,36.686,-7.78614988431966,20.0723228732329,40.4380629067525
1,1,0,0,1,-6,128,7,-6.34699999999999,21.515,37.433,-7.48714988431965,20.5923228732329,40.5570629067525
1,1,0,0,1,-6,128,8,-6.34699999999999,21.515,37.433,-7.78614988431966,20.0723228732329,40.4380629067525
1,1,0,1,0,-4,129,79,-4.455,22.562,33.755,-6.61984286055283,25.7017018154238,33.981
1,1,0,1,0,-4,130,79,-4.367,23.083,32.343,-6.61984286055283,25.7017018154238,33.981
1,1,1,0,1,-2,131,160,8.547,19.476,31.506,11.1743501156803,16.9773228732329,32.8510629067525
1,1,1,0,1,-2,132,162,7.752,17.592,30.385,9.93735011568034,15.2473228732329,31.8470629067525
1,1,1,0,1,-2,132,161,7.752,17.592,30.385,10.9213501156803,16.1813228732329,31.8100629067525
1,1,0,1,0,-4,133,55,0.141000000000004,26.547,27.008,-1.15184286055283,30.2807018154238,26.768
1,1,1,1,0,-1,134,104,6.765,26.347,29.072,8.90665713944717,28.9117018154238,27.89
1,1,1,1,0,-1,134,105,6.765,26.347,29.072,8.01065713944717,29.8837018154238,28.669
1,1,1,1,0,-1,135,104,9.02600000000001,25.109,26.771,8.90665713944717,28.9117018154238,27.89
1,1,1,1,0,-1,136,107,9.962,25.92,26.522,12.3996571394472,27.9197018154238,25.701
1,1,1,1,0,-1,136,104,9.962,25.92,26.522,8.90665713944717,28.9117018154238,27.89
1,1,1,1,0,-1,136,103,9.962,25.92,26.522,10.1246571394472,28.7287018154238,28.762
1,1,1,0,0,-3,137,22,12.734,21.92,22.152,15.1075,19.897,20.739
1,1,1,0,0,-3,138,22,12.738,20.562,22.308,15.1075,19.897,20.739
1,1,1,0,0,-3,138,35,12.738,20.562,22.308,14.9505,20.08,25.152
1,1,1,0,0,-3,138,21,12.738,20.562,22.308,15.5165,19.233,19.778
1,1,1,0,0,-3,139,23,13.499,22.488,21.355,15.6025,23.979,19.697
1,1,1,0,0,-3,139,22,13.499,22.488,21.355,15.1075,19.897,20.739
1,1,1,0,0,-3,139,33,13.499,22.488,21.355,16.6885,23.66,22.88
1,1,1,0,0,-3,139,29,13.499,22.488,21.355,16.2195,24.874,22.683
1,1,1,0,0,-3,139,34,13.499,22.488,21.355,16.2445,22.863,24.047
1,1,1,0,0,-3,139,30,13.499,22.488,21.355,16.2555,24.912,22.69
1,1,1,1,0,-1,140,101,3.33700000000001,29.874,31.031,4.72765713944716,32.7697018154238,30.817
1,1,1,1,0,-1,140,99,3.33700000000001,29.874,31.031,3.72565713944717,31.9437018154238,33.774
1,1,1,1,0,-1,140,98,3.33700000000001,29.874,31.031,3.10065713944716,32.8857018154238,33.272
1,1,1,1,0,-1,140,100,3.33700000000001,29.874,31.031,1.81565713944716,32.7967018154238,33.001
1,1,1,1,0,-1,141,99,3.831,29.438,32.345,3.72565713944717,31.9437018154238,33.774
1,1,1,1,0,-1,141,98,3.831,29.438,32.345,3.10065713944716,32.8857018154238,33.272
1,1,1,1,0,-1,141,101,3.831,29.438,32.345,4.72765713944716,32.7697018154238,30.817
1,1,1,1,0,-1,141,100,3.831,29.438,32.345,1.81565713944716,32.7967018154238,33.001
1,1,1,1,0,-1,142,105,5.873,29.782,25.819,8.01065713944717,29.8837018154238,28.669
1,1,1,1,0,-1,142,104,5.873,29.782,25.819,8.90665713944717,28.9117018154238,27.89
1,1,1,1,0,-1,143,102,4.413,32.084,25.138,6.26065713944717,33.7517018154238,28.151
1,1,1,1,0,-1,144,115,5.23200000000001,33.401,23.385,8.05165713944716,35.5897018154238,23.33
1,1,1,1,0,-1,145,113,3.99,32.546,17.001,6.31465713944717,34.7067018154238,16.75
1,1,1,1,0,-1,145,114,3.99,32.546,17.001,6.56265713944716,34.1257018154238,15.968
1,1,1,1,0,-1,146,114,2.944,32.6,15.853,6.56265713944716,34.1257018154238,15.968
1,1,1,1,0,-1,147,114,3.33200000000001,33.091,14.79,6.56265713944716,34.1257018154238,15.968
1,1,1,1,0,-1,147,113,3.33200000000001,33.091,14.79,6.31465713944717,34.7067018154238,16.75
1,1,0,1,0,-4,148,50,-3.22399999999999,31.629,13.799,-6.43184286055283,31.8677018154238,15.897
1,1,0,1,0,-4,149,50,-3.27599999999999,32.45,14.759,-6.43184286055283,31.8677018154238,15.897
1,1,0,1,0,-4,150,50,-4.116,31.579,12.884,-6.43184286055283,31.8677018154238,15.897
1,1,0,1,-1,-5,151,78,0.865000000000002,29.84,8.509,0.37430702376683,29.2123789421909,4.67193709324751
1,1,0,1,-1,-5,152,83,1.918,30.872,8.853,3.70430702376682,32.3223789421909,5.58393709324751
1,1,0,1,-1,-5,153,84,1.653,31.425,10.135,1.93630702376682,35.2133789421909,9.43193709324751
1,1,0,1,-1,-5,154,85,2.558,31.656,11.07,3.19430702376682,35.4793789421909,10.2849370932475
1,1,0,1,-1,-5,154,84,2.558,31.656,11.07,1.93630702376682,35.2133789421909,9.43193709324751
1,1,0,1,-1,-5,155,86,3.893,31.524,10.899,4.30730702376682,34.9273789421909,9.46693709324751
1,1,0,1,-1,-5,156,85,2.1,32.198,12.132,3.19430702376682,35.4793789421909,10.2849370932475
1,1,0,1,-1,-5,157,78,-0.707000000000001,27.177,6.952,0.37430702376683,29.2123789421909,4.67193709324751
1,1,0,1,-1,-5,158,78,-0.562999999999997,26.479,5.677,0.37430702376683,29.2123789421909,4.67193709324751
1,1,0,0,-1,6,159,119,-1.271,24.618,4.443,-0.979850115680341,21.9626771267671,2.68893709324752
1,1,0,0,-1,6,159,125,-1.271,24.618,4.443,2.00214988431966,22.8326771267671,3.83093709324751
1,1,0,0,-1,6,159,126,-1.271,24.618,4.443,2.48814988431966,24.0936771267671,4.47793709324752
1,1,-1,0,-1,2,160,131,-5.322,20.494,0.303,-7.94935011568033,22.9926771267671,-1.04206290675248
1,1,-1,0,-1,2,161,132,-5.575,19.698,-0.738,-8.74435011568034,21.1086771267671,-2.16306290675248
1,1,-1,0,-1,2,162,132,-6.559,18.764,-0.701,-8.74435011568034,21.1086771267671,-2.16306290675248
1,1,0,0,-1,6,163,118,-4.845,19.862,-1.842,-1.63885011568035,21.1086771267671,-1.33106290675249
