o1,o2,c2_1,c2_2,c2_3,interface,a1,a2,g1,g2,r1_1,r1_2,r1_3,r2_1,r2_2,r2_3,residue_group_index,interface_group_index
1,1,-1,0,-1,2,1,67,1,47,-2.267,8.217,9.705,-3.99235011568034,8.0356771267671,6.64793709324751,9,2
1,1,0,0,-1,6,2,91,2,73,6.614,10.605,12.496,7.45714988431965,13.1186771267671,9.97193709324752,42,6
1,1,0,0,-1,6,2,89,2,73,6.614,10.605,12.496,6.55414988431966,11.2796771267671,8.67293709324751,42,6
1,1,0,0,-1,6,3,89,2,73,3.779,9.967,10.439,6.55414988431966,11.2796771267671,8.67293709324751,42,6
1,1,0,0,-1,6,3,88,2,73,3.779,9.967,10.439,5.75814988431966,10.8266771267671,7.50593709324751,42,6
1,1,0,0,-1,6,3,87,2,73,3.779,9.967,10.439,5.74514988431966,9.3196771267671,7.26993709324751,42,6
1,1,0,0,-1,6,4,93,3,73,3.97400000000001,13.43,11.508,6.48514988431966,15.1316771267671,10.4439370932475,43,6
1,1,0,0,-1,6,4,90,3,73,3.97400000000001,13.43,11.508,6.45614988431966,12.7516771267671,8.96393709324751,43,6
1,1,0,0,-1,6,4,92,3,73,3.97400000000001,13.43,11.508,7.43314988431965,14.3026771267671,10.6049370932475,43,6
1,1,0,0,-1,6,4,91,3,73,3.97400000000001,13.43,11.508,7.45714988431965,13.1186771267671,9.97193709324752,43,6
1,1,0,0,-1,6,5,95,4,75,2.352,13.582,9.967,2.43214988431966,12.6766771267671,6.29393709324752,45,6
1,1,0,0,-1,6,6,93,4,73,2.711,14.935,9.523,6.48514988431966,15.1316771267671,10.4439370932475,44,6
1,1,0,0,-1,6,6,95,4,75,2.711,14.935,9.523,2.43214988431966,12.6766771267671,6.29393709324752,45,6
1,1,0,0,-1,6,7,128,5,102,3.441,24.109,8.009,4.58114988431966,25.0316771267671,4.88493709324751,47,6
1,1,0,0,-1,6,7,126,5,102,3.441,24.109,8.009,2.48814988431966,24.0936771267671,4.47793709324752,47,6
1,1,0,0,-1,6,7,124,5,101,3.441,24.109,8.009,2.98614988431966,21.4116771267671,5.24493709324751,46,6
1,1,0,0,-1,6,7,127,5,102,3.441,24.109,8.009,3.93114988431966,24.3976771267671,4.13793709324751,47,6
1,1,0,0,-1,6,8,124,5,101,3.142,23.589,7.89,2.98614988431966,21.4116771267671,5.24493709324751,46,6
1,1,0,0,-1,6,8,126,5,102,3.142,23.589,7.89,2.48814988431966,24.0936771267671,4.47793709324752,47,6
1,1,0,0,-1,6,8,128,5,102,3.142,23.589,7.89,4.58114988431966,25.0316771267671,4.88493709324751,47,6
1,1,0,0,-1,6,8,127,5,102,3.142,23.589,7.89,3.93114988431966,24.3976771267671,4.13793709324751,47,6
1,1,0,0,-1,6,9,121,6,101,-1.016,19.69,7.564,-0.234850115680343,18.3796771267671,4.33393709324751,48,6
1,1,0,0,-1,6,10,124,6,101,-0.139999999999998,21.257,7.344,2.98614988431966,21.4116771267671,5.24493709324751,48,6
1,1,0,0,-1,6,10,123,6,101,-0.139999999999998,21.257,7.344,2.24614988431965,21.6336771267671,4.25393709324752,48,6
1,1,-1,0,-1,2,11,65,7,47,-1.457,14.359,7.03,-2.31835011568034,10.8276771267671,5.44293709324751,10,2
1,1,0,0,-1,6,12,122,7,101,-0.337999999999998,15.21,6.469,1.40914988431966,16.9136771267671,4.18893709324752,51,6
1,1,0,0,-1,6,12,95,7,75,-0.337999999999998,15.21,6.469,2.43214988431966,12.6766771267671,6.29393709324752,49,6
1,1,0,0,-1,6,12,121,7,101,-0.337999999999998,15.21,6.469,-0.234850115680343,18.3796771267671,4.33393709324751,51,6
1,1,0,0,-1,6,12,120,7,101,-0.337999999999998,15.21,6.469,0.932149884319658,18.0906771267671,4.10693709324751,51,6
1,1,0,0,-1,6,13,122,7,101,0.421000000000003,15.878,7.225,1.40914988431966,16.9136771267671,4.18893709324752,51,6
1,1,0,0,-1,6,13,120,7,101,0.421000000000003,15.878,7.225,0.932149884319658,18.0906771267671,4.10693709324751,51,6
1,1,0,0,-1,6,13,121,7,101,0.421000000000003,15.878,7.225,-0.234850115680343,18.3796771267671,4.33393709324751,51,6
1,1,0,0,-1,6,13,95,7,75,0.421000000000003,15.878,7.225,2.43214988431966,12.6766771267671,6.29393709324752,49,6
1,1,0,0,-1,6,14,122,7,101,-0.215999999999999,15.212,5.197,1.40914988431966,16.9136771267671,4.18893709324752,51,6
1,1,0,0,-1,6,14,117,7,97,-0.215999999999999,15.212,5.197,-1.85885011568034,15.9376771267671,2.82193709324751,50,6
1,1,0,0,-1,6,14,121,7,101,-0.215999999999999,15.212,5.197,-0.234850115680343,18.3796771267671,4.33393709324751,51,6
1,1,0,0,-1,6,14,120,7,101,-0.215999999999999,15.212,5.197,0.932149884319658,18.0906771267671,4.10693709324751,51,6
1,1,0,0,-1,6,14,116,7,97,-0.215999999999999,15.212,5.197,-0.882850115680339,15.3176771267671,1.86393709324751,50,6
1,1,0,0,-1,6,14,95,7,75,-0.215999999999999,15.212,5.197,2.43214988431966,12.6766771267671,6.29393709324752,49,6
1,1,-1,0,-1,2,15,71,14,61,-11.91,14.28,10.489,-12.6483501156803,11.6696771267671,7.85493709324752,12,2
1,1,-1,0,-1,2,15,70,14,61,-11.91,14.28,10.489,-14.0103501156803,11.8326771267671,8.13893709324751,12,2
1,1,-1,0,-1,2,16,72,14,61,-10.664,13.586,10.513,-11.7863501156803,10.7396771267671,8.33793709324751,12,2
1,1,-1,0,-1,2,16,71,14,61,-10.664,13.586,10.513,-12.6483501156803,11.6696771267671,7.85493709324752,12,2
1,1,-1,0,-1,2,16,74,14,61,-10.664,13.586,10.513,-10.5553501156803,10.7606771267671,7.89093709324751,12,2
1,1,-1,0,-1,2,17,74,14,61,-9.582,13.841,9.758,-10.5553501156803,10.7606771267671,7.89093709324751,12,2
1,1,-1,0,-1,2,17,73,14,61,-9.582,13.841,9.758,-11.2773501156803,11.6886771267671,6.87393709324751,12,2
1,1,-1,0,-1,2,18,69,14,48,-9.583,14.836,8.829,-8.63335011568034,12.2456771267671,6.00593709324752,11,2
1,1,-1,0,-1,2,19,74,14,61,-8.536,13.038,9.968,-10.5553501156803,10.7606771267671,7.89093709324751,12,2
1,1,-1,0,-1,2,19,68,14,48,-8.536,13.038,9.968,-7.09235011568034,10.8056771267671,7.03793709324752,11,2
1,1,-1,0,0,3,20,46,14,37,-13.761,15.487,15.359,-16.3735,13.873,15.714,14,3
1,1,-1,0,0,3,20,45,14,37,-13.761,15.487,15.359,-17.4475,14.358,16.227,14,3
1,1,-1,0,0,3,21,138,16,114,-11.908,19.233,19.778,-14.6865,20.562,22.308,15,3
1,1,-1,0,0,3,22,138,16,114,-12.317,19.897,20.739,-14.6865,20.562,22.308,15,3
1,1,-1,0,0,3,22,139,16,114,-12.317,19.897,20.739,-13.9255,22.488,21.355,15,3
1,1,-1,0,0,3,22,137,16,114,-12.317,19.897,20.739,-14.6905,21.92,22.152,15,3
1,1,-1,0,0,3,23,139,18,114,-11.822,23.979,19.697,-13.9255,22.488,21.355,16,3
1,1,0,1,0,-4,24,109,19,81,-11.904,27.809,21.802,-14.2368428605528,30.6347018154238,23.281,25,4
1,1,0,1,0,-4,25,111,19,84,-11.065,28.279,22.569,-9.53684286055283,31.1297018154238,23.714,26,4
1,1,0,1,0,-4,25,110,19,84,-11.065,28.279,22.569,-11.1098428605528,31.9827018154238,21.98,26,4
1,1,0,1,0,-4,25,106,19,81,-11.065,28.279,22.569,-13.7238428605528,28.3337018154238,25.362,25,4
1,1,0,1,0,-4,26,49,19,41,-9.552,28.228,20.482,-7.96184286055283,30.8997018154238,19.465,24,4
1,1,0,1,0,-4,26,51,19,41,-9.552,28.228,20.482,-9.74084286055283,31.2657018154238,18.176,24,4
1,1,0,1,0,-4,26,48,19,41,-9.552,28.228,20.482,-8.48584286055283,31.4157018154238,18.459,24,4
1,1,0,1,0,-4,27,109,19,81,-13.129,28.366,21.681,-14.2368428605528,30.6347018154238,23.281,25,4
1,1,0,1,0,-4,27,106,19,81,-13.129,28.366,21.681,-13.7238428605528,28.3337018154238,25.362,25,4
1,1,0,1,0,-4,27,108,19,81,-13.129,28.366,21.681,-14.5708428605528,30.5147018154238,24.469,25,4
1,1,0,1,0,-4,28,51,19,41,-11.473,28.818,19.626,-9.74084286055283,31.2657018154238,18.176,24,4
1,1,0,1,0,-4,28,112,19,84,-11.473,28.818,19.626,-11.9258428605528,32.2457018154238,19.226,26,4
1,1,0,1,0,-4,28,110,19,84,-11.473,28.818,19.626,-11.1098428605528,31.9827018154238,21.98,26,4
1,1,-1,0,0,3,29,139,19,114,-11.205,24.874,22.683,-13.9255,22.488,21.355,17,3
1,1,-1,0,0,3,30,139,19,114,-11.169,24.912,22.69,-13.9255,22.488,21.355,17,3
1,1,0,1,0,-4,31,106,19,81,-12.025,25.39,23.449,-13.7238428605528,28.3337018154238,25.362,25,4
1,1,0,1,0,-4,32,106,19,81,-12.015,25.436,23.417,-13.7238428605528,28.3337018154238,25.362,25,4
1,1,-1,0,0,3,33,139,20,114,-10.736,23.66,22.88,-13.9255,22.488,21.355,18,3
1,1,-1,0,0,3,34,139,20,114,-11.18,22.863,24.047,-13.9255,22.488,21.355,18,3
1,1,-1,0,0,3,35,138,20,114,-12.474,20.08,25.152,-14.6865,20.562,22.308,18,3
1,1,0,1,0,-4,36,76,21,66,-12.101,23.461,32.024,-11.0488428605528,27.0287018154238,33.28,27,4
1,1,0,1,0,-4,37,76,21,66,-11.53,24.094,33.084,-11.0488428605528,27.0287018154238,33.28,27,4
1,1,0,1,0,-4,37,77,21,67,-11.53,24.094,33.084,-12.2128428605528,26.7067018154238,35.796,28,4
1,1,0,1,0,-4,37,75,21,66,-11.53,24.094,33.084,-11.8418428605528,27.9017018154238,33.683,27,4
1,1,0,1,0,-4,38,106,22,81,-10.444,26.494,26.048,-13.7238428605528,28.3337018154238,25.362,30,4
1,1,0,1,0,-4,39,111,22,84,-9.721,27.717,25.739,-9.53684286055283,31.1297018154238,23.714,31,4
1,1,0,1,0,-4,40,111,22,84,-7.612,28.535,25.056,-9.53684286055283,31.1297018154238,23.714,31,4
1,1,0,1,0,-4,40,58,22,45,-7.612,28.535,25.056,-4.63184286055283,29.3327018154238,27.125,29,4
1,1,0,1,0,-4,41,58,23,45,-4.485,25.806,26.561,-4.63184286055283,29.3327018154238,27.125,32,4
1,1,0,1,0,-4,41,57,23,45,-4.485,25.806,26.561,-3.08284286055283,29.2877018154238,26.292,32,4
1,1,0,1,0,-4,42,58,23,45,-4.067,26.007,27.857,-4.63184286055283,29.3327018154238,27.125,32,4
1,1,0,1,0,-4,42,54,23,45,-4.067,26.007,27.857,-3.91784286055283,29.6627018154238,28.219,32,4
1,1,0,1,0,-4,42,57,23,45,-4.067,26.007,27.857,-3.08284286055283,29.2877018154238,26.292,32,4
1,1,0,1,0,-4,42,56,23,45,-4.067,26.007,27.857,-4.63784286055284,29.5557018154238,29.352,32,4
1,1,0,1,0,-4,43,81,23,68,-4.456,25.658,30.236,-6.23584286055284,27.6897018154238,32.563,33,4
1,1,0,1,0,-4,43,82,23,68,-4.456,25.658,30.236,-6.56984286055283,28.2767018154238,31.478,33,4
1,1,0,1,0,-4,43,80,23,68,-4.456,25.658,30.236,-6.81384286055284,26.5287018154238,32.804,33,4
1,1,0,1,0,-4,44,49,24,41,-5.774,27.931,19.742,-7.96184286055283,30.8997018154238,19.465,34,4
1,1,1,0,0,-3,45,20,37,14,9.977,14.358,16.227,13.6635,15.487,15.359,14,3
1,1,1,0,0,-3,46,20,37,14,11.051,13.873,15.714,13.6635,15.487,15.359,14,3
1,1,0,0,-1,6,47,93,38,73,4.822,15.861,13.886,6.48514988431966,15.1316771267671,10.4439370932475,52,6
1,1,0,-1,0,4,48,26,41,19,3.488,1.596,18.459,2.42184286055284,-1.59170181542377,20.482,24,4
1,1,0,-1,0,4,49,26,41,19,4.012,1.08,19.465,2.42184286055284,-1.59170181542377,20.482,24,4
1,1,0,-1,0,4,49,44,41,24,4.012,1.08,19.465,6.19984286055284,-1.88870181542377,19.742,34,4
1,1,0,-1,0,4,50,149,41,121,5.542,2.048,15.897,8.69784286055284,2.63029818457624,14.759,35,4
1,1,0,-1,0,4,50,150,41,121,5.542,2.048,15.897,7.85784286055283,1.75929818457623,12.884,35,4
1,1,0,-1,0,4,50,148,41,121,5.542,2.048,15.897,8.74984286055284,1.80929818457623,13.799,35,4
1,1,0,-1,0,4,51,28,41,19,2.233,1.446,18.176,0.500842860552835,-1.00170181542377,19.626,24,4
1,1,0,-1,0,4,51,26,41,19,2.233,1.446,18.176,2.42184286055284,-1.59170181542377,20.482,24,4
1,1,1,0,0,-3,52,100,45,77,10.672,2.888,30.616,13.7895,2.977,33.001,19,3
1,1,1,0,0,-3,53,100,45,77,10.938,2.993,30.513,13.7895,2.977,33.001,19,3
1,1,0,-1,0,4,54,42,45,23,8.056,-0.157,28.219,7.90684286055284,-3.81270181542376,27.857,32,4
1,1,0,-1,0,4,55,133,45,111,10.822,0.461,26.768,12.1148428605528,-3.27270181542378,27.008,36,4
1,1,0,-1,0,4,56,42,45,23,7.336,-0.263999999999999,29.352,7.90684286055284,-3.81270181542376,27.857,32,4
1,1,0,-1,0,4,57,41,45,23,8.891,-0.531999999999999,26.292,7.48884286055283,-4.01370181542377,26.561,32,4
1,1,0,-1,0,4,57,42,45,23,8.891,-0.531999999999999,26.292,7.90684286055284,-3.81270181542376,27.857,32,4
1,1,0,-1,0,4,58,42,45,23,7.342,-0.487,27.125,7.90684286055284,-3.81270181542376,27.857,32,4
1,1,0,-1,0,4,58,41,45,23,7.342,-0.487,27.125,7.48884286055283,-4.01370181542377,26.561,32,4
1,1,0,-1,0,4,58,40,45,22,7.342,-0.487,27.125,4.36184286055284,-1.28470181542377,25.056,29,4
1,1,1,0,0,-3,59,100,45,77,11.056,5.06,31.919,13.7895,2.977,33.001,19,3
1,1,1,0,0,-3,60,100,45,77,11.081,5.104,31.927,13.7895,2.977,33.001,19,3
1,1,1,0,0,-3,61,100,45,77,12.302,5.228,31.763,13.7895,2.977,33.001,19,3
1,1,1,0,0,-3,61,97,45,77,12.302,5.228,31.763,15.7535,4.36,32.959,19,3
1,1,1,0,0,-3,61,98,45,77,12.302,5.228,31.763,15.0745,3.066,33.272,19,3
1,1,1,0,0,-3,62,100,45,77,12.325,5.286,31.823,13.7895,2.977,33.001,19,3
1,1,1,0,0,-3,62,97,45,77,12.325,5.286,31.823,15.7535,4.36,32.959,19,3
1,1,1,0,0,-3,62,98,45,77,12.325,5.286,31.823,15.0745,3.066,33.272,19,3
1,1,1,0,0,-3,63,100,46,77,11.598,5.528,35.162,13.7895,2.977,33.001,20,3
1,1,1,0,0,-3,64,100,46,77,11.174,4.398,35.404,13.7895,2.977,33.001,20,3
1,1,1,0,1,-2,65,11,47,7,14.178,7.311,37.991,15.0393501156803,10.8423228732329,39.5780629067525,10,2
1,1,1,0,0,-3,66,94,47,74,15.47,5.986,36.332,18.8465,5.458,35.775,21,3
1,1,1,0,0,-3,66,97,47,77,15.47,5.986,36.332,15.7535,4.36,32.959,23,3
1,1,1,0,0,-3,66,96,47,75,15.47,5.986,36.332,17.3135,8.669,34.43,22,3
1,1,1,0,1,-2,67,1,47,1,12.504,4.519,39.196,14.2293501156803,4.7003228732329,42.2530629067525,9,2
1,1,1,0,1,-2,68,19,48,14,9.404,7.289,39.586,7.96035011568035,9.5213228732329,42.5160629067525,11,2
1,1,1,0,1,-2,69,18,48,14,7.863,8.729,38.554,6.91335011568034,11.3193228732329,41.3770629067525,11,2
1,1,1,0,1,-2,70,15,61,14,2.486,8.316,40.687,4.58635011568034,10.7633228732329,43.0370629067525,12,2
1,1,1,0,1,-2,71,15,61,14,3.848,8.153,40.403,4.58635011568034,10.7633228732329,43.0370629067525,12,2
1,1,1,0,1,-2,71,16,61,14,3.848,8.153,40.403,5.83235011568034,10.0693228732329,43.0610629067525,12,2
1,1,1,0,1,-2,72,16,61,14,4.71,7.223,40.886,5.83235011568034,10.0693228732329,43.0610629067525,12,2
1,1,1,0,1,-2,73,17,61,14,5.219,8.172,39.422,6.91435011568034,10.3243228732329,42.3060629067525,12,2
1,1,1,0,1,-2,74,19,61,14,5.941,7.244,40.439,7.96035011568035,9.5213228732329,42.5160629067525,12,2
1,1,1,0,1,-2,74,17,61,14,5.941,7.244,40.439,6.91435011568034,10.3243228732329,42.3060629067525,12,2
1,1,1,0,1,-2,74,16,61,14,5.941,7.244,40.439,5.83235011568034,10.0693228732329,43.0610629067525,12,2
1,1,0,-1,0,4,75,37,66,21,0.132000000000003,-1.918,33.683,0.443842860552838,-5.72570181542377,33.084,27,4
1,1,0,-1,0,4,76,37,66,21,0.925,-2.791,33.28,0.443842860552838,-5.72570181542377,33.084,27,4
1,1,0,-1,0,4,76,36,66,21,0.925,-2.791,33.28,-0.127157139447161,-6.35870181542378,32.024,27,4
1,1,0,-1,0,4,77,37,67,21,-0.239000000000003,-3.113,35.796,0.443842860552838,-5.72570181542377,33.084,28,4
1,1,0,-1,1,5,78,158,67,126,1.42,-4.124,37.22,0.482692976233178,-6.85737894219087,38.2250629067525,39,5
1,1,0,-1,1,5,78,157,67,126,1.42,-4.124,37.22,0.338692976233179,-6.15937894219087,39.5000629067525,39,5
1,1,0,-1,1,5,78,151,67,125,1.42,-4.124,37.22,1.91069297623318,-3.49637894219086,41.0570629067525,38,5
1,1,0,-1,0,4,79,129,68,104,5.354,-4.118,33.981,7.51884286055283,-7.25770181542377,33.755,37,4
1,1,0,-1,0,4,79,130,68,104,5.354,-4.118,33.981,7.60684286055284,-6.73670181542377,32.343,37,4
1,1,0,-1,0,4,80,43,68,23,5.16,-3.291,32.804,7.51784286055284,-4.16170181542377,30.236,33,4
1,1,0,-1,0,4,81,43,68,23,5.738,-2.13,32.563,7.51784286055284,-4.16170181542377,30.236,33,4
1,1,0,-1,0,4,82,43,68,23,5.404,-1.543,31.478,7.51784286055284,-4.16170181542377,30.236,33,4
1,1,0,-1,1,5,83,152,68,125,4.75000000000001,-1.014,38.132,2.96369297623317,-2.46437894219086,41.4010629067525,40,5
1,1,0,-1,1,5,84,153,70,125,2.982,1.877,41.98,2.69869297623318,-1.91137894219087,42.6830629067525,41,5
1,1,0,-1,1,5,84,154,70,125,2.982,1.877,41.98,3.60369297623318,-1.68037894219087,43.6180629067525,41,5
1,1,0,-1,1,5,85,156,70,125,4.24,2.143,42.833,3.14569297623318,-1.13837894219087,44.6800629067525,41,5
1,1,0,-1,1,5,85,154,70,125,4.24,2.143,42.833,3.60369297623318,-1.68037894219087,43.6180629067525,41,5
1,1,0,-1,1,5,86,155,70,125,5.353,1.591,42.015,4.93869297623317,-1.81237894219087,43.4470629067525,41,5
1,1,0,0,1,-6,87,3,73,2,-5.183,5.803,39.818,-7.14914988431965,6.4503228732329,42.9870629067525,42,6
1,1,0,0,1,-6,88,3,73,2,-5.17,7.31,40.054,-7.14914988431965,6.4503228732329,42.9870629067525,42,6
1,1,0,0,1,-6,89,3,73,2,-4.374,7.763,41.221,-7.14914988431965,6.4503228732329,42.9870629067525,42,6
1,1,0,0,1,-6,89,2,73,2,-4.374,7.763,41.221,-4.31414988431966,7.0883228732329,45.0440629067525,42,6
1,1,0,0,1,-6,90,4,73,3,-4.472,9.235,41.512,-6.95414988431965,9.9133228732329,44.0560629067525,43,6
1,1,0,0,1,-6,91,2,73,2,-3.471,9.602,42.52,-4.31414988431966,7.0883228732329,45.0440629067525,42,6
1,1,0,0,1,-6,91,4,73,3,-3.471,9.602,42.52,-6.95414988431965,9.9133228732329,44.0560629067525,43,6
1,1,0,0,1,-6,92,4,73,3,-3.495,10.786,43.153,-6.95414988431965,9.9133228732329,44.0560629067525,43,6
1,1,0,0,1,-6,93,4,73,3,-4.443,11.615,42.992,-6.95414988431965,9.9133228732329,44.0560629067525,43,6
1,1,0,0,1,-6,93,6,73,4,-4.443,11.615,42.992,-8.21714988431965,11.4183228732329,42.0710629067525,44,6
1,1,0,0,1,-6,93,47,73,38,-4.443,11.615,42.992,-6.10614988431965,12.3443228732329,46.4340629067525,52,6
1,1,-1,0,0,3,94,66,74,47,-8.578,5.458,35.775,-11.9545,5.986,36.332,21,3
1,1,0,0,1,-6,95,12,75,7,-8.496,9.16,38.842,-11.2661498843197,11.6933228732329,39.0170629067525,49,6
1,1,0,0,1,-6,95,5,75,4,-8.496,9.16,38.842,-8.57614988431966,10.0653228732329,42.5150629067525,45,6
1,1,0,0,1,-6,95,14,75,7,-8.496,9.16,38.842,-11.1441498843197,11.6953228732329,37.7450629067525,49,6
1,1,0,0,1,-6,95,13,75,7,-8.496,9.16,38.842,-10.5071498843197,12.3613228732329,39.7730629067525,49,6
1,1,0,0,1,-6,95,6,75,4,-8.496,9.16,38.842,-8.21714988431965,11.4183228732329,42.0710629067525,45,6
1,1,-1,0,0,3,96,66,75,47,-10.111,8.669,34.43,-11.9545,5.986,36.332,22,3
1,1,-1,0,0,3,97,62,77,45,-11.671,4.36,32.959,-15.0995,5.286,31.823,19,3
1,1,-1,0,0,3,97,61,77,45,-11.671,4.36,32.959,-15.1225,5.228,31.763,19,3
1,1,-1,0,0,3,97,66,77,47,-11.671,4.36,32.959,-11.9545,5.986,36.332,23,3
1,1,-1,-1,0,1,98,141,77,116,-12.35,3.066,33.272,-11.6196571394472,-0.381701815423764,32.345,1,1
1,1,-1,-1,0,1,98,140,77,116,-12.35,3.066,33.272,-12.1136571394472,0.054298184576226,31.031,1,1
1,1,-1,0,0,3,98,62,77,45,-12.35,3.066,33.272,-15.0995,5.286,31.823,19,3
1,1,-1,0,0,3,98,61,77,45,-12.35,3.066,33.272,-15.1225,5.228,31.763,19,3
1,1,-1,-1,0,1,99,141,77,116,-11.725,2.124,33.774,-11.6196571394472,-0.381701815423764,32.345,1,1
1,1,-1,-1,0,1,99,140,77,116,-11.725,2.124,33.774,-12.1136571394472,0.054298184576226,31.031,1,1
1,1,-1,-1,0,1,100,140,77,116,-13.635,2.977,33.001,-12.1136571394472,0.054298184576226,31.031,1,1
1,1,-1,-1,0,1,100,141,77,116,-13.635,2.977,33.001,-11.6196571394472,-0.381701815423764,32.345,1,1
1,1,-1,0,0,3,100,61,77,45,-13.635,2.977,33.001,-15.1225,5.228,31.763,19,3
1,1,-1,0,0,3,100,62,77,45,-13.635,2.977,33.001,-15.0995,5.286,31.823,19,3
1,1,-1,0,0,3,100,59,77,45,-13.635,2.977,33.001,-16.3685,5.06,31.919,19,3
1,1,-1,0,0,3,100,60,77,45,-13.635,2.977,33.001,-16.3435,5.104,31.927,19,3
1,1,-1,0,0,3,100,53,77,45,-13.635,2.977,33.001,-16.4865,2.993,30.513,19,3
1,1,-1,0,0,3,100,64,77,46,-13.635,2.977,33.001,-16.2505,4.398,35.404,20,3
1,1,-1,0,0,3,100,52,77,45,-13.635,2.977,33.001,-16.7525,2.888,30.616,19,3
1,1,-1,0,0,3,100,63,77,46,-13.635,2.977,33.001,-15.8265,5.528,35.162,20,3
1,1,-1,-1,0,1,101,140,77,116,-10.723,2.95,30.817,-12.1136571394472,0.054298184576226,31.031,1,1
1,1,-1,-1,0,1,101,141,77,116,-10.723,2.95,30.817,-11.6196571394472,-0.381701815423764,32.345,1,1
1,1,-1,-1,0,1,102,143,78,117,-9.19,3.932,28.151,-11.0376571394472,2.26429818457624,25.138,2,1
1,1,-1,-1,0,1,103,136,79,113,-5.326,-1.091,28.762,-5.48865713944716,-3.89970181542377,26.522,4,1
1,1,-1,-1,0,1,104,136,79,113,-6.544,-0.907999999999999,27.89,-5.48865713944716,-3.89970181542377,26.522,4,1
1,1,-1,-1,0,1,104,134,79,112,-6.544,-0.907999999999999,27.89,-8.68565713944716,-3.47270181542377,29.072,3,1
1,1,-1,-1,0,1,104,142,79,116,-6.544,-0.907999999999999,27.89,-9.57765713944715,-0.0377018154237748,25.819,5,1
1,1,-1,-1,0,1,104,135,79,113,-6.544,-0.907999999999999,27.89,-6.42465713944716,-4.71070181542377,26.771,4,1
1,1,-1,-1,0,1,105,142,79,116,-7.44,0.0640000000000007,28.669,-9.57765713944715,-0.0377018154237748,25.819,5,1
1,1,-1,-1,0,1,105,134,79,112,-7.44,0.0640000000000007,28.669,-8.68565713944716,-3.47270181542377,29.072,3,1
1,1,0,-1,0,4,106,27,81,19,-1.75,-1.486,25.362,-1.15515713944716,-1.45370181542377,21.681,25,4
1,1,0,-1,0,4,106,38,81,22,-1.75,-1.486,25.362,1.52984286055283,-3.32570181542377,26.048,30,4
1,1,0,-1,0,4,106,25,81,19,-1.75,-1.486,25.362,0.908842860552836,-1.54070181542377,22.569,25,4
1,1,0,-1,0,4,106,32,81,19,-1.75,-1.486,25.362,-0.0411571394471668,-4.38370181542377,23.417,25,4
1,1,0,-1,0,4,106,31,81,19,-1.75,-1.486,25.362,-0.0511571394471664,-4.42970181542377,23.449,25,4
1,1,-1,-1,0,1,107,136,81,113,-3.051,-1.9,25.701,-5.48865713944716,-3.89970181542377,26.522,6,1
1,1,0,-1,0,4,108,27,81,19,-2.597,0.695,24.469,-1.15515713944716,-1.45370181542377,21.681,25,4
1,1,0,-1,0,4,109,27,81,19,-2.263,0.815,23.281,-1.15515713944716,-1.45370181542377,21.681,25,4
1,1,0,-1,0,4,109,24,81,19,-2.263,0.815,23.281,0.0698428605528369,-2.01070181542377,21.802,25,4
1,1,0,-1,0,4,110,25,84,19,0.864,2.163,21.98,0.908842860552836,-1.54070181542377,22.569,26,4
1,1,0,-1,0,4,110,28,84,19,0.864,2.163,21.98,0.500842860552835,-1.00170181542377,19.626,26,4
1,1,0,-1,0,4,111,25,84,19,2.437,1.31,23.714,0.908842860552836,-1.54070181542377,22.569,26,4
1,1,0,-1,0,4,111,40,84,22,2.437,1.31,23.714,4.36184286055284,-1.28470181542377,25.056,31,4
1,1,0,-1,0,4,111,39,84,22,2.437,1.31,23.714,2.25284286055284,-2.10270181542377,25.739,31,4
1,1,0,-1,0,4,112,28,84,19,0.0479999999999999,2.426,19.226,0.500842860552835,-1.00170181542377,19.626,26,4
1,1,-1,-1,0,1,113,145,87,119,-9.136,4.887,16.75,-11.4606571394472,2.72629818457623,17.001,7,1
1,1,-1,-1,0,1,113,147,87,119,-9.136,4.887,16.75,-12.1186571394472,3.27129818457622,14.79,7,1
1,1,-1,-1,0,1,114,145,87,119,-8.888,4.306,15.968,-11.4606571394472,2.72629818457623,17.001,7,1
1,1,-1,-1,0,1,114,147,87,119,-8.888,4.306,15.968,-12.1186571394472,3.27129818457622,14.79,7,1
1,1,-1,-1,0,1,114,146,87,119,-8.888,4.306,15.968,-12.5066571394472,2.78029818457624,15.853,7,1
1,1,-1,-1,0,1,115,144,90,117,-7.399,5.77,23.33,-10.2186571394472,3.58129818457623,23.385,8,1
1,1,0,0,1,-6,116,14,97,7,-11.811,11.801,34.412,-11.1441498843197,11.6953228732329,37.7450629067525,50,6
1,1,0,0,1,-6,117,14,97,7,-12.787,12.421,35.37,-11.1441498843197,11.6953228732329,37.7450629067525,50,6
1,1,0,0,1,-6,118,163,100,128,-12.567,17.592,31.217,-15.7731498843197,16.3453228732329,30.7060629067525,54,6
1,1,0,0,1,-6,119,159,100,126,-11.908,18.446,35.237,-12.1991498843197,21.1013228732329,36.9910629067525,53,6
1,1,0,0,1,-6,120,14,101,7,-9.996,14.574,36.655,-11.1441498843197,11.6953228732329,37.7450629067525,51,6
1,1,0,0,1,-6,120,13,101,7,-9.996,14.574,36.655,-10.5071498843197,12.3613228732329,39.7730629067525,51,6
1,1,0,0,1,-6,120,12,101,7,-9.996,14.574,36.655,-11.2661498843197,11.6933228732329,39.0170629067525,51,6
1,1,0,0,1,-6,121,14,101,7,-11.163,14.863,36.882,-11.1441498843197,11.6953228732329,37.7450629067525,51,6
1,1,0,0,1,-6,121,9,101,6,-11.163,14.863,36.882,-11.9441498843197,16.1733228732329,40.1120629067525,48,6
1,1,0,0,1,-6,121,12,101,7,-11.163,14.863,36.882,-11.2661498843197,11.6933228732329,39.0170629067525,51,6
1,1,0,0,1,-6,121,13,101,7,-11.163,14.863,36.882,-10.5071498843197,12.3613228732329,39.7730629067525,51,6
1,1,0,0,1,-6,122,14,101,7,-9.519,13.397,36.737,-11.1441498843197,11.6953228732329,37.7450629067525,51,6
1,1,0,0,1,-6,122,12,101,7,-9.519,13.397,36.737,-11.2661498843197,11.6933228732329,39.0170629067525,51,6
1,1,0,0,1,-6,122,13,101,7,-9.519,13.397,36.737,-10.5071498843197,12.3613228732329,39.7730629067525,51,6
1,1,0,0,1,-6,123,10,101,6,-8.682,18.117,36.802,-11.0681498843197,17.7403228732329,39.8920629067525,48,6
1,1,0,0,1,-6,124,8,101,5,-7.942,17.895,37.793,-7.78614988431966,20.0723228732329,40.4380629067525,46,6
1,1,0,0,1,-6,124,10,101,6,-7.942,17.895,37.793,-11.0681498843197,17.7403228732329,39.8920629067525,48,6
1,1,0,0,1,-6,124,7,101,5,-7.942,17.895,37.793,-7.48714988431965,20.5923228732329,40.5570629067525,46,6
1,1,0,0,1,-6,125,159,102,126,-8.926,19.316,36.379,-12.1991498843197,21.1013228732329,36.9910629067525,55,6
1,1,0,0,1,-6,126,8,102,5,-8.44,20.577,37.026,-7.78614988431966,20.0723228732329,40.4380629067525,47,6
1,1,0,0,1,-6,126,7,102,5,-8.44,20.577,37.026,-7.48714988431965,20.5923228732329,40.5570629067525,47,6
1,1,0,0,1,-6,126,159,102,126,-8.44,20.577,37.026,-12.1991498843197,21.1013228732329,36.9910629067525,55,6
1,1,0,0,1,-6,127,7,102,5,-6.997,20.881,36.686,-7.48714988431965,20.5923228732329,40.5570629067525,47,6
1,1,0,0,1,-6,127,8,102,5,-6.997,20.881,36.686,-7.78614988431966,20.0723228732329,40.4380629067525,47,6
1,1,0,0,1,-6,128,7,102,5,-6.347,21.515,37.433,-7.48714988431965,20.5923228732329,40.5570629067525,47,6
1,1,0,0,1,-6,128,8,102,5,-6.347,21.515,37.433,-7.78614988431966,20.0723228732329,40.4380629067525,47,6
1,1,0,1,0,-4,129,79,104,68,-4.455,22.562,33.755,-6.61984286055283,25.7017018154238,33.981,37,4
1,1,0,1,0,-4,130,79,104,68,-4.36699999999999,23.083,32.343,-6.61984286055283,25.7017018154238,33.981,37,4
1,1,1,0,1,-2,131,160,109,128,8.547,19.476,31.506,11.1743501156803,16.9773228732329,32.8510629067525,13,2
1,1,1,0,1,-2,132,162,109,128,7.752,17.592,30.385,9.93735011568034,15.2473228732329,31.8470629067525,13,2
1,1,1,0,1,-2,132,161,109,128,7.752,17.592,30.385,10.9213501156803,16.1813228732329,31.8100629067525,13,2
1,1,0,1,0,-4,133,55,111,45,0.141000000000004,26.547,27.008,-1.15184286055284,30.2807018154238,26.768,36,4
1,1,1,1,0,-1,134,104,112,79,6.765,26.347,29.072,8.90665713944717,28.9117018154238,27.89,3,1
1,1,1,1,0,-1,134,105,112,79,6.765,26.347,29.072,8.01065713944717,29.8837018154238,28.669,3,1
1,1,1,1,0,-1,135,104,113,79,9.02600000000001,25.109,26.771,8.90665713944717,28.9117018154238,27.89,4,1
1,1,1,1,0,-1,136,107,113,81,9.962,25.92,26.522,12.3996571394472,27.9197018154238,25.701,6,1
1,1,1,1,0,-1,136,104,113,79,9.962,25.92,26.522,8.90665713944717,28.9117018154238,27.89,4,1
1,1,1,1,0,-1,136,103,113,79,9.962,25.92,26.522,10.1246571394472,28.7287018154238,28.762,4,1
1,1,1,0,0,-3,137,22,114,16,12.734,21.92,22.152,15.1075,19.897,20.739,15,3
1,1,1,0,0,-3,138,22,114,16,12.738,20.562,22.308,15.1075,19.897,20.739,15,3
1,1,1,0,0,-3,138,35,114,20,12.738,20.562,22.308,14.9505,20.08,25.152,18,3
1,1,1,0,0,-3,138,21,114,16,12.738,20.562,22.308,15.5165,19.233,19.778,15,3
1,1,1,0,0,-3,139,23,114,18,13.499,22.488,21.355,15.6025,23.979,19.697,16,3
1,1,1,0,0,-3,139,22,114,16,13.499,22.488,21.355,15.1075,19.897,20.739,15,3
1,1,1,0,0,-3,139,33,114,20,13.499,22.488,21.355,16.6885,23.66,22.88,18,3
1,1,1,0,0,-3,139,29,114,19,13.499,22.488,21.355,16.2195,24.874,22.683,17,3
1,1,1,0,0,-3,139,34,114,20,13.499,22.488,21.355,16.2445,22.863,24.047,18,3
1,1,1,0,0,-3,139,30,114,19,13.499,22.488,21.355,16.2555,24.912,22.69,17,3
1,1,1,1,0,-1,140,101,116,77,3.337,29.874,31.031,4.72765713944716,32.7697018154238,30.817,1,1
1,1,1,1,0,-1,140,99,116,77,3.337,29.874,31.031,3.72565713944717,31.9437018154238,33.774,1,1
1,1,1,1,0,-1,140,98,116,77,3.337,29.874,31.031,3.10065713944716,32.8857018154238,33.272,1,1
1,1,1,1,0,-1,140,100,116,77,3.337,29.874,31.031,1.81565713944716,32.7967018154238,33.001,1,1
1,1,1,1,0,-1,141,99,116,77,3.831,29.438,32.345,3.72565713944717,31.9437018154238,33.774,1,1
1,1,1,1,0,-1,141,98,116,77,3.831,29.438,32.345,3.10065713944716,32.8857018154238,33.272,1,1
1,1,1,1,0,-1,141,101,116,77,3.831,29.438,32.345,4.72765713944716,32.7697018154238,30.817,1,1
1,1,1,1,0,-1,141,100,116,77,3.831,29.438,32.345,1.81565713944716,32.7967018154238,33.001,1,1
1,1,1,1,0,-1,142,105,116,79,5.87300000000001,29.782,25.819,8.01065713944717,29.8837018154238,28.669,5,1
1,1,1,1,0,-1,142,104,116,79,5.87300000000001,29.782,25.819,8.90665713944717,28.9117018154238,27.89,5,1
1,1,1,1,0,-1,143,102,117,78,4.413,32.084,25.138,6.26065713944716,33.7517018154238,28.151,2,1
1,1,1,1,0,-1,144,115,117,90,5.23200000000001,33.401,23.385,8.05165713944717,35.5897018154238,23.33,8,1
1,1,1,1,0,-1,145,113,119,87,3.99000000000001,32.546,17.001,6.31465713944717,34.7067018154238,16.75,7,1
1,1,1,1,0,-1,145,114,119,87,3.99000000000001,32.546,17.001,6.56265713944716,34.1257018154238,15.968,7,1
1,1,1,1,0,-1,146,114,119,87,2.944,32.6,15.853,6.56265713944716,34.1257018154238,15.968,7,1
1,1,1,1,0,-1,147,114,119,87,3.33200000000001,33.091,14.79,6.56265713944716,34.1257018154238,15.968,7,1
1,1,1,1,0,-1,147,113,119,87,3.33200000000001,33.091,14.79,6.31465713944717,34.7067018154238,16.75,7,1
1,1,0,1,0,-4,148,50,121,41,-3.224,31.629,13.799,-6.43184286055283,31.8677018154238,15.897,35,4
1,1,0,1,0,-4,149,50,121,41,-3.27599999999999,32.45,14.759,-6.43184286055283,31.8677018154238,15.897,35,4
1,1,0,1,0,-4,150,50,121,41,-4.116,31.579,12.884,-6.43184286055283,31.8677018154238,15.897,35,4
1,1,0,1,-1,-5,151,78,125,67,0.865000000000002,29.84,8.509,0.374307023766822,29.2123789421909,4.67193709324751,38,5
1,1,0,1,-1,-5,152,83,125,68,1.918,30.872,8.853,3.70430702376683,32.3223789421909,5.58393709324751,40,5
1,1,0,1,-1,-5,153,84,125,70,1.65300000000001,31.425,10.135,1.93630702376682,35.2133789421909,9.43193709324751,41,5
1,1,0,1,-1,-5,154,85,125,70,2.558,31.656,11.07,3.19430702376682,35.4793789421909,10.2849370932475,41,5
1,1,0,1,-1,-5,154,84,125,70,2.558,31.656,11.07,1.93630702376682,35.2133789421909,9.43193709324751,41,5
1,1,0,1,-1,-5,155,86,125,70,3.893,31.524,10.899,4.30730702376682,34.9273789421909,9.46693709324751,41,5
1,1,0,1,-1,-5,156,85,125,70,2.10000000000001,32.198,12.132,3.19430702376682,35.4793789421909,10.2849370932475,41,5
1,1,0,1,-1,-5,157,78,126,67,-0.707,27.177,6.952,0.374307023766822,29.2123789421909,4.67193709324751,39,5
1,1,0,1,-1,-5,158,78,126,67,-0.562999999999998,26.479,5.677,0.374307023766822,29.2123789421909,4.67193709324751,39,5
1,1,0,0,-1,6,159,119,126,100,-1.271,24.618,4.443,-0.979850115680338,21.9626771267671,2.68893709324752,53,6
1,1,0,0,-1,6,159,125,126,102,-1.271,24.618,4.443,2.00214988431966,22.8326771267671,3.83093709324751,55,6
1,1,0,0,-1,6,159,126,126,102,-1.271,24.618,4.443,2.48814988431966,24.0936771267671,4.47793709324752,55,6
1,1,-1,0,-1,2,160,131,128,109,-5.322,20.494,0.303,-7.94935011568034,22.9926771267671,-1.04206290675248,13,2
1,1,-1,0,-1,2,161,132,128,109,-5.575,19.698,-0.738,-8.74435011568034,21.1086771267671,-2.16306290675248,13,2
1,1,-1,0,-1,2,162,132,128,109,-6.559,18.764,-0.701,-8.74435011568034,21.1086771267671,-2.16306290675248,13,2
1,1,0,0,-1,6,163,118,128,100,-4.845,19.862,-1.842,-1.63885011568034,21.1086771267671,-1.33106290675249,54,6
