spring_class,cra1,cra2,sym_idx1,sym_idx2,pbc_shift,group_id1,group_id2,r1,r2
0,A/LYS 1/NZ.A,A/THR 47/O,0,0,"(-1, 0, -1)",0,0,"(-2.2669999999999995, 8.216999999999999, 9.705)","(-3.9917165578905736, 8.03537106755366, 6.6482669833337225)"
1,A/VAL 2/O,A/ARG 73/CA,0,0,"(0, 0, -1)",0,0,"(3.779000000000001, 9.966999999999999, 10.439)","(5.745283442109425, 9.319371067553657, 7.270266983333723)"
2,A/VAL 2/O,A/ARG 73/CB,0,0,"(0, 0, -1)",0,0,"(3.779000000000001, 9.966999999999999, 10.439)","(5.758283442109426, 10.826371067553659, 7.506266983333726)"
3,A/VAL 2/O,A/ARG 73/CG,0,0,"(0, 0, -1)",0,0,"(3.779000000000001, 9.966999999999999, 10.439)","(6.554283442109426, 11.279371067553658, 8.673266983333718)"
4,A/VAL 2/CG1,A/ARG 73/CG,0,0,"(0, 0, -1)",0,0,"(6.613999999999996, 10.605, 12.496000000000002)","(6.554283442109426, 11.279371067553658, 8.673266983333718)"
5,A/VAL 2/CG1,A/ARG 73/NE,0,0,"(0, 0, -1)",0,0,"(6.613999999999996, 10.605, 12.496000000000002)","(7.457283442109425, 13.11837106755366, 9.972266983333725)"
6,A/PHE 3/O,A/ARG 73/CD,0,0,"(0, 0, -1)",0,0,"(3.973999999999998, 13.43, 11.508000000000001)","(6.456283442109424, 12.75137106755366, 8.96426698333372)"
7,A/PHE 3/O,A/ARG 73/NE,0,0,"(0, 0, -1)",0,0,"(3.973999999999998, 13.43, 11.508000000000001)","(7.457283442109425, 13.11837106755366, 9.972266983333725)"
8,A/PHE 3/O,A/ARG 73/CZ,0,0,"(0, 0, -1)",0,0,"(3.973999999999998, 13.43, 11.508000000000001)","(7.4332834421094205, 14.30237106755366, 10.605266983333722)"
9,A/PHE 3/O,A/ARG 73/NH1,0,0,"(0, 0, -1)",0,0,"(3.973999999999998, 13.43, 11.508000000000001)","(6.48528344210942, 15.131371067553658, 10.444266983333724)"
10,A/GLY 4/N,A/LEU 75/CD2,0,0,"(0, 0, -1)",0,0,"(2.3519999999999994, 13.581999999999999, 9.967000000000002)","(2.4322834421094224, 12.67637106755366, 6.294266983333722)"
11,A/GLY 4/CA,A/LEU 75/CD2,0,0,"(0, 0, -1)",0,0,"(2.711, 14.934999999999999, 9.523)","(2.4322834421094224, 12.67637106755366, 6.294266983333722)"
12,A/GLY 4/CA,A/ARG 73/NH1,0,0,"(0, 0, -1)",0,0,"(2.711, 14.934999999999999, 9.523)","(6.48528344210942, 15.131371067553658, 10.444266983333724)"
13,A/ARG 5/NH2.A,A/ASP 101/O,0,0,"(0, 0, -1)",0,0,"(3.4410000000000003, 24.109, 8.009)","(2.986283442109423, 21.41137106755366, 5.24526698333372)"
14,A/ARG 5/NH2.A,A/GLY 102/CA,0,0,"(0, 0, -1)",0,0,"(3.4410000000000003, 24.109, 8.009)","(2.4882834421094278, 24.093371067553658, 4.478266983333727)"
15,A/ARG 5/NH2.A,A/GLY 102/C,0,0,"(0, 0, -1)",0,0,"(3.4410000000000003, 24.109, 8.009)","(3.931283442109427, 24.397371067553657, 4.138266983333721)"
16,A/ARG 5/NH2.A,A/GLY 102/O,0,0,"(0, 0, -1)",0,0,"(3.4410000000000003, 24.109, 8.009)","(4.581283442109425, 25.031371067553657, 4.8852669833337234)"
17,A/ARG 5/NH2.B,A/ASP 101/O,0,0,"(0, 0, -1)",0,0,"(3.1420000000000003, 23.589, 7.89)","(2.986283442109423, 21.41137106755366, 5.24526698333372)"
18,A/ARG 5/NH2.B,A/GLY 102/CA,0,0,"(0, 0, -1)",0,0,"(3.1420000000000003, 23.589, 7.89)","(2.4882834421094278, 24.093371067553658, 4.478266983333727)"
19,A/ARG 5/NH2.B,A/GLY 102/C,0,0,"(0, 0, -1)",0,0,"(3.1420000000000003, 23.589, 7.89)","(3.931283442109427, 24.397371067553657, 4.138266983333721)"
20,A/ARG 5/NH2.B,A/GLY 102/O,0,0,"(0, 0, -1)",0,0,"(3.1420000000000003, 23.589, 7.89)","(4.581283442109425, 25.031371067553657, 4.8852669833337234)"
21,A/CYS 6/CB,A/ASP 101/OD1,0,0,"(0, 0, -1)",0,0,"(-1.016000000000001, 19.69, 7.564)","(-0.23471655789057744, 18.37937106755366, 4.334266983333721)"
22,A/CYS 6/SG,A/ASP 101/C,0,0,"(0, 0, -1)",0,0,"(-0.13999999999999924, 21.257, 7.344)","(2.246283442109424, 21.63337106755366, 4.254266983333722)"
23,A/CYS 6/SG,A/ASP 101/O,0,0,"(0, 0, -1)",0,0,"(-0.13999999999999924, 21.257, 7.344)","(2.986283442109423, 21.41137106755366, 5.24526698333372)"
24,A/GLU 7/CG,A/THR 47/OG1,0,0,"(-1, 0, -1)",0,0,"(-1.4570000000000007, 14.359000000000002, 7.03)","(-2.31771655789057, 10.82737106755366, 5.443266983333723)"
25,A/GLU 7/CD,A/ASP 101/OD2,0,0,"(0, 0, -1)",0,0,"(-0.33800000000000185, 15.21, 6.469000000000001)","(1.4092834421094231, 16.91337106755366, 4.189266983333728)"
26,A/GLU 7/CD,A/ASP 101/CG,0,0,"(0, 0, -1)",0,0,"(-0.33800000000000185, 15.21, 6.469000000000001)","(0.9322834421094226, 18.090371067553654, 4.107266983333726)"
27,A/GLU 7/CD,A/ASP 101/OD1,0,0,"(0, 0, -1)",0,0,"(-0.33800000000000185, 15.21, 6.469000000000001)","(-0.23471655789057744, 18.37937106755366, 4.334266983333721)"
28,A/GLU 7/CD,A/LEU 75/CD2,0,0,"(0, 0, -1)",0,0,"(-0.33800000000000185, 15.21, 6.469000000000001)","(2.4322834421094224, 12.67637106755366, 6.294266983333722)"
29,A/GLU 7/OE1,A/ASP 101/OD2,0,0,"(0, 0, -1)",0,0,"(0.4209999999999994, 15.878000000000002, 7.225)","(1.4092834421094231, 16.91337106755366, 4.189266983333728)"
30,A/GLU 7/OE1,A/ASP 101/CG,0,0,"(0, 0, -1)",0,0,"(0.4209999999999994, 15.878000000000002, 7.225)","(0.9322834421094226, 18.090371067553654, 4.107266983333726)"
31,A/GLU 7/OE1,A/ASP 101/OD1,0,0,"(0, 0, -1)",0,0,"(0.4209999999999994, 15.878000000000002, 7.225)","(-0.23471655789057744, 18.37937106755366, 4.334266983333721)"
32,A/GLU 7/OE1,A/LEU 75/CD2,0,0,"(0, 0, -1)",0,0,"(0.4209999999999994, 15.878000000000002, 7.225)","(2.4322834421094224, 12.67637106755366, 6.294266983333722)"
33,A/GLU 7/OE2,A/LYS 97/CE.B,0,0,"(0, 0, -1)",0,0,"(-0.21599999999999975, 15.211999999999994, 5.197)","(-0.8827165578905753, 15.31737106755366, 1.8642669833337218)"
34,A/GLU 7/OE2,A/LYS 97/NZ.B,0,0,"(0, 0, -1)",0,0,"(-0.21599999999999975, 15.211999999999994, 5.197)","(-1.8587165578905758, 15.93737106755366, 2.822266983333721)"
35,A/GLU 7/OE2,A/ASP 101/OD2,0,0,"(0, 0, -1)",0,0,"(-0.21599999999999975, 15.211999999999994, 5.197)","(1.4092834421094231, 16.91337106755366, 4.189266983333728)"
36,A/GLU 7/OE2,A/ASP 101/CG,0,0,"(0, 0, -1)",0,0,"(-0.21599999999999975, 15.211999999999994, 5.197)","(0.9322834421094226, 18.090371067553654, 4.107266983333726)"
37,A/GLU 7/OE2,A/ASP 101/OD1,0,0,"(0, 0, -1)",0,0,"(-0.21599999999999975, 15.211999999999994, 5.197)","(-0.23471655789057744, 18.37937106755366, 4.334266983333721)"
38,A/GLU 7/OE2,A/LEU 75/CD2,0,0,"(0, 0, -1)",0,0,"(-0.21599999999999975, 15.211999999999994, 5.197)","(2.4322834421094224, 12.67637106755366, 6.294266983333722)"
39,A/ARG 14/O,A/ASN 37/CG,0,0,"(-1, 0, 0)",0,0,"(-13.761, 15.486999999999998, 15.359)","(-17.447, 14.358, 16.227)"
40,A/ARG 14/O,A/ASN 37/ND2,0,0,"(-1, 0, 0)",0,0,"(-13.761, 15.486999999999998, 15.359)","(-16.372999999999998, 13.872999999999998, 15.714000000000002)"
41,A/ARG 14/CD,A/ARG 61/CD.A,0,0,"(-1, 0, -1)",0,0,"(-11.91, 14.28, 10.489000000000003)","(-14.009716557890577, 11.83237106755366, 8.139266983333723)"
42,A/ARG 14/CD,A/ARG 61/NE.A,0,0,"(-1, 0, -1)",0,0,"(-11.91, 14.28, 10.489000000000003)","(-12.647716557890579, 11.66937106755366, 7.855266983333726)"
43,A/ARG 14/NE,A/ARG 61/CZ.A,0,0,"(-1, 0, -1)",0,0,"(-10.664000000000001, 13.586, 10.513000000000002)","(-11.785716557890575, 10.739371067553659, 8.338266983333728)"
44,A/ARG 14/NE,A/ARG 61/NH2.A,0,0,"(-1, 0, -1)",0,0,"(-10.664000000000001, 13.586, 10.513000000000002)","(-10.554716557890576, 10.760371067553658, 7.891266983333722)"
45,A/ARG 14/NE,A/ARG 61/NE.A,0,0,"(-1, 0, -1)",0,0,"(-10.664000000000001, 13.586, 10.513000000000002)","(-12.647716557890579, 11.66937106755366, 7.855266983333726)"
46,A/ARG 14/CZ,A/ARG 61/NH2.A,0,0,"(-1, 0, -1)",0,0,"(-9.582, 13.840999999999998, 9.758)","(-10.554716557890576, 10.760371067553658, 7.891266983333722)"
47,A/ARG 14/CZ,A/ARG 61/NH1.B,0,0,"(-1, 0, -1)",0,0,"(-9.582, 13.840999999999998, 9.758)","(-11.276716557890575, 11.688371067553662, 6.874266983333723)"
48,A/ARG 14/NH1,A/ASP 48/OD2,0,0,"(-1, 0, -1)",0,0,"(-9.582999999999998, 14.835999999999999, 8.829)","(-8.632716557890575, 12.245371067553657, 6.006266983333725)"
49,A/ARG 14/NH2,A/ASP 48/CB,0,0,"(-1, 0, -1)",0,0,"(-8.536, 13.038, 9.968)","(-7.091716557890576, 10.80537106755366, 7.0382669833337195)"
50,A/ARG 14/NH2,A/ARG 61/NH2.A,0,0,"(-1, 0, -1)",0,0,"(-8.536, 13.038, 9.968)","(-10.554716557890576, 10.760371067553658, 7.891266983333722)"
51,A/GLY 16/C,A/ARG 114/NH1,0,0,"(-1, 0, 0)",0,0,"(-11.908, 19.233, 19.778)","(-14.686, 20.561999999999998, 22.308000000000003)"
52,A/GLY 16/O,A/ARG 114/NH2,0,0,"(-1, 0, 0)",0,0,"(-12.317000000000002, 19.897, 20.739000000000004)","(-13.925000000000004, 22.488, 21.355)"
53,A/GLY 16/O,A/ARG 114/NH1,0,0,"(-1, 0, 0)",0,0,"(-12.317000000000002, 19.897, 20.739000000000004)","(-14.686, 20.561999999999998, 22.308000000000003)"
54,A/GLY 16/O,A/ARG 114/CZ,0,0,"(-1, 0, 0)",0,0,"(-12.317000000000002, 19.897, 20.739000000000004)","(-14.689999999999998, 21.92, 22.152)"
55,A/ASP 18/O,A/ARG 114/NH2,0,0,"(-1, 0, 0)",0,0,"(-11.822, 23.979, 19.697)","(-13.925000000000004, 22.488, 21.355)"
56,A/ASN 19/C.A,A/ARG 114/NH2,0,0,"(-1, 0, 0)",0,0,"(-11.205000000000002, 24.873999999999995, 22.683000000000003)","(-13.925000000000004, 22.488, 21.355)"
57,A/ASN 19/C.B,A/ARG 114/NH2,0,0,"(-1, 0, 0)",0,0,"(-11.169, 24.911999999999995, 22.690000000000005)","(-13.925000000000004, 22.488, 21.355)"
58,A/ASN 19/O.A,A/SER 81/CB,0,0,"(0, 1, 0)",0,0,"(-12.025000000000002, 25.39, 23.449)","(-13.723619895637103, 28.33389910436994, 25.362)"
59,A/ASN 19/O.B,A/SER 81/CB,0,0,"(0, 1, 0)",0,0,"(-12.015, 25.435999999999996, 23.417)","(-13.723619895637103, 28.33389910436994, 25.362)"
60,A/ASN 19/CG.A,A/SER 81/O,0,0,"(0, 1, 0)",0,0,"(-11.904, 27.808999999999997, 21.802)","(-14.236619895637105, 30.634899104369946, 23.281000000000002)"
61,A/ASN 19/OD1.A,A/SER 81/CB,0,0,"(0, 1, 0)",0,0,"(-11.065000000000001, 28.279, 22.569)","(-13.723619895637103, 28.33389910436994, 25.362)"
62,A/ASN 19/OD1.A,A/LEU 84/CB,0,0,"(0, 1, 0)",0,0,"(-11.065000000000001, 28.279, 22.569)","(-11.109619895637103, 31.982899104369938, 21.98)"
63,A/ASN 19/OD1.A,A/LEU 84/CD1,0,0,"(0, 1, 0)",0,0,"(-11.065000000000001, 28.279, 22.569)","(-9.536619895637102, 31.12989910436994, 23.714)"
64,A/ASN 19/OD1.B,A/GLN 41/CD.B,0,0,"(0, 1, 0)",0,0,"(-9.552, 28.228, 20.482)","(-8.485619895637102, 31.41589910436994, 18.459)"
65,A/ASN 19/OD1.B,A/GLN 41/OE1.B,0,0,"(0, 1, 0)",0,0,"(-9.552, 28.228, 20.482)","(-7.961619895637104, 30.89989910436994, 19.465000000000003)"
66,A/ASN 19/OD1.B,A/GLN 41/NE2.B,0,0,"(0, 1, 0)",0,0,"(-9.552, 28.228, 20.482)","(-9.740619895637101, 31.265899104369936, 18.176)"
67,A/ASN 19/ND2.A,A/SER 81/C,0,0,"(0, 1, 0)",0,0,"(-13.129, 28.365999999999996, 21.681)","(-14.570619895637103, 30.51489910436994, 24.469)"
68,A/ASN 19/ND2.A,A/SER 81/O,0,0,"(0, 1, 0)",0,0,"(-13.129, 28.365999999999996, 21.681)","(-14.236619895637105, 30.634899104369946, 23.281000000000002)"
69,A/ASN 19/ND2.A,A/SER 81/CB,0,0,"(0, 1, 0)",0,0,"(-13.129, 28.365999999999996, 21.681)","(-13.723619895637103, 28.33389910436994, 25.362)"
70,A/ASN 19/ND2.B,A/GLN 41/NE2.B,0,0,"(0, 1, 0)",0,0,"(-11.472999999999999, 28.817999999999998, 19.626)","(-9.740619895637101, 31.265899104369936, 18.176)"
71,A/ASN 19/ND2.B,A/LEU 84/O,0,0,"(0, 1, 0)",0,0,"(-11.472999999999999, 28.817999999999998, 19.626)","(-11.925619895637105, 32.24589910436994, 19.226000000000003)"
72,A/ASN 19/ND2.B,A/LEU 84/CB,0,0,"(0, 1, 0)",0,0,"(-11.472999999999999, 28.817999999999998, 19.626)","(-11.109619895637103, 31.982899104369938, 21.98)"
73,A/TYR 20/N,A/ARG 114/NH2,0,0,"(-1, 0, 0)",0,0,"(-10.736000000000002, 23.659999999999997, 22.88)","(-13.925000000000004, 22.488, 21.355)"
74,A/TYR 20/CA,A/ARG 114/NH2,0,0,"(-1, 0, 0)",0,0,"(-11.18, 22.862999999999996, 24.047)","(-13.925000000000004, 22.488, 21.355)"
75,A/TYR 20/CD1,A/ARG 114/NH1,0,0,"(-1, 0, 0)",0,0,"(-12.474, 20.079999999999995, 25.152000000000005)","(-14.686, 20.561999999999998, 22.308000000000003)"
76,A/ARG 21/CZ,A/ASP 66/O,0,0,"(0, 1, 0)",0,0,"(-12.101000000000003, 23.461, 32.024)","(-11.048619895637103, 27.028899104369938, 33.28)"
77,A/ARG 21/NH2,A/ASP 66/C,0,0,"(0, 1, 0)",0,0,"(-11.53, 24.094, 33.084)","(-11.841619895637102, 27.901899104369942, 33.683)"
78,A/ARG 21/NH2,A/ASP 66/O,0,0,"(0, 1, 0)",0,0,"(-11.53, 24.094, 33.084)","(-11.048619895637103, 27.028899104369938, 33.28)"
79,A/ARG 21/NH2,A/GLY 67/CA,0,0,"(0, 1, 0)",0,0,"(-11.53, 24.094, 33.084)","(-12.212619895637104, 26.706899104369942, 35.796)"
80,A/GLY 22/N,A/SER 81/CB,0,0,"(0, 1, 0)",0,0,"(-10.444, 26.493999999999996, 26.048)","(-13.723619895637103, 28.33389910436994, 25.362)"
81,A/GLY 22/CA,A/LEU 84/CD1,0,0,"(0, 1, 0)",0,0,"(-9.721000000000002, 27.716999999999995, 25.739)","(-9.536619895637102, 31.12989910436994, 23.714)"
82,A/GLY 22/O,A/LEU 84/CD1,0,0,"(0, 1, 0)",0,0,"(-7.612000000000004, 28.534999999999997, 25.056000000000004)","(-9.536619895637102, 31.12989910436994, 23.714)"
83,A/GLY 22/O,A/ARG 45/NH2.B,0,0,"(0, 1, 0)",0,0,"(-7.612000000000004, 28.534999999999997, 25.056000000000004)","(-4.631619895637105, 29.33289910436994, 27.125)"
84,A/TYR 23/CD1,A/ARG 45/NH2.A,0,0,"(0, 1, 0)",0,0,"(-4.485000000000001, 25.805999999999997, 26.561000000000003)","(-3.082619895637105, 29.28789910436994, 26.292000000000005)"
85,A/TYR 23/CD1,A/ARG 45/NH2.B,0,0,"(0, 1, 0)",0,0,"(-4.485000000000001, 25.805999999999997, 26.561000000000003)","(-4.631619895637105, 29.33289910436994, 27.125)"
86,A/TYR 23/CE1,A/ARG 45/NH2.A,0,0,"(0, 1, 0)",0,0,"(-4.067, 26.006999999999998, 27.857)","(-3.082619895637105, 29.28789910436994, 26.292000000000005)"
87,A/TYR 23/CE1,A/ARG 45/CZ.B,0,0,"(0, 1, 0)",0,0,"(-4.067, 26.006999999999998, 27.857)","(-3.917619895637106, 29.66289910436994, 28.219000000000005)"
88,A/TYR 23/CE1,A/ARG 45/NH1.B,0,0,"(0, 1, 0)",0,0,"(-4.067, 26.006999999999998, 27.857)","(-4.637619895637107, 29.555899104369946, 29.352)"
89,A/TYR 23/CE1,A/ARG 45/NH2.B,0,0,"(0, 1, 0)",0,0,"(-4.067, 26.006999999999998, 27.857)","(-4.631619895637105, 29.33289910436994, 27.125)"
90,A/TYR 23/OH,A/ARG 68/NH2,0,0,"(0, 1, 0)",0,0,"(-4.456000000000003, 25.657999999999998, 30.236)","(-6.5696198956371035, 28.276899104369942, 31.478000000000005)"
91,A/TYR 23/OH,A/ARG 68/NE,0,0,"(0, 1, 0)",0,0,"(-4.456000000000003, 25.657999999999998, 30.236)","(-6.813619895637105, 26.52889910436994, 32.804)"
92,A/TYR 23/OH,A/ARG 68/CZ,0,0,"(0, 1, 0)",0,0,"(-4.456000000000003, 25.657999999999998, 30.236)","(-6.235619895637104, 27.68989910436994, 32.56300000000001)"
93,A/SER 24/CB,A/GLN 41/OE1.B,0,0,"(0, 1, 0)",0,0,"(-5.774000000000003, 27.931, 19.742000000000004)","(-7.961619895637104, 30.89989910436994, 19.465000000000003)"
94,A/PHE 38/CD2,A/ARG 73/NH1,0,0,"(0, 0, -1)",0,0,"(4.821999999999999, 15.860999999999995, 13.886000000000001)","(6.48528344210942, 15.131371067553658, 10.444266983333724)"
95,A/GLN 41/NE2.A,A/GLN 121/NE2,0,0,"(0, -1, 0)",0,0,"(5.541999999999998, 2.047999999999999, 15.897000000000002)","(7.8576198956371, 1.759100895630058, 12.884)"
96,A/GLN 41/NE2.A,A/GLN 121/CD,0,0,"(0, -1, 0)",0,0,"(5.541999999999998, 2.047999999999999, 15.897000000000002)","(8.7496198956371, 1.809100895630055, 13.799000000000001)"
97,A/GLN 41/NE2.A,A/GLN 121/OE1,0,0,"(0, -1, 0)",0,0,"(5.541999999999998, 2.047999999999999, 15.897000000000002)","(8.697619895637104, 2.630100895630059, 14.759000000000002)"
98,A/ARG 45/C.A,A/ASN 77/ND2,0,0,"(1, 0, 0)",0,0,"(11.056000000000001, 5.0600000000000005, 31.919)","(13.788999999999998, 2.9769999999999994, 33.001)"
99,A/ARG 45/C.B,A/ASN 77/ND2,0,0,"(1, 0, 0)",0,0,"(11.080999999999998, 5.103999999999999, 31.927)","(13.788999999999998, 2.9769999999999994, 33.001)"
100,A/ARG 45/O.A,A/ASN 77/CB,0,0,"(1, 0, 0)",0,0,"(12.301999999999998, 5.227999999999998, 31.763000000000005)","(15.753, 4.359999999999999, 32.959)"
101,A/ARG 45/O.A,A/ASN 77/CG,0,0,"(1, 0, 0)",0,0,"(12.301999999999998, 5.227999999999998, 31.763000000000005)","(15.074000000000002, 3.0659999999999976, 33.272000000000006)"
102,A/ARG 45/O.A,A/ASN 77/ND2,0,0,"(1, 0, 0)",0,0,"(12.301999999999998, 5.227999999999998, 31.763000000000005)","(13.788999999999998, 2.9769999999999994, 33.001)"
103,A/ARG 45/O.B,A/ASN 77/CB,0,0,"(1, 0, 0)",0,0,"(12.324999999999994, 5.286, 31.823)","(15.753, 4.359999999999999, 32.959)"
104,A/ARG 45/O.B,A/ASN 77/CG,0,0,"(1, 0, 0)",0,0,"(12.324999999999994, 5.286, 31.823)","(15.074000000000002, 3.0659999999999976, 33.272000000000006)"
105,A/ARG 45/O.B,A/ASN 77/ND2,0,0,"(1, 0, 0)",0,0,"(12.324999999999994, 5.286, 31.823)","(13.788999999999998, 2.9769999999999994, 33.001)"
106,A/ARG 45/CB.A,A/ASN 77/ND2,0,0,"(1, 0, 0)",0,0,"(10.672, 2.887999999999999, 30.616000000000003)","(13.788999999999998, 2.9769999999999994, 33.001)"
107,A/ARG 45/CB.B,A/ASN 77/ND2,0,0,"(1, 0, 0)",0,0,"(10.937999999999995, 2.9929999999999986, 30.513000000000005)","(13.788999999999998, 2.9769999999999994, 33.001)"
108,A/ARG 45/NH1.A,A/TRP 111/CZ2,0,0,"(0, -1, 0)",0,0,"(10.821999999999997, 0.4609999999999994, 26.768000000000004)","(12.114619895637103, -3.2728991043699427, 27.008000000000003)"
109,A/ASN 46/C,A/ASN 77/ND2,0,0,"(1, 0, 0)",0,0,"(11.597999999999999, 5.527999999999999, 35.162)","(13.788999999999998, 2.9769999999999994, 33.001)"
110,A/ASN 46/O,A/ASN 77/ND2,0,0,"(1, 0, 0)",0,0,"(11.173999999999998, 4.397999999999998, 35.404)","(13.788999999999998, 2.9769999999999994, 33.001)"
111,A/THR 47/CG2,A/ASN 77/CB,0,0,"(1, 0, 0)",0,0,"(15.470000000000004, 5.985999999999997, 36.33200000000001)","(15.753, 4.359999999999999, 32.959)"
112,A/THR 47/CG2,A/ASN 74/O,0,0,"(1, 0, 0)",0,0,"(15.470000000000004, 5.985999999999997, 36.33200000000001)","(18.846, 5.457999999999998, 35.775)"
113,A/THR 47/CG2,A/LEU 75/O,0,0,"(1, 0, 0)",0,0,"(15.470000000000004, 5.985999999999997, 36.33200000000001)","(17.313000000000002, 8.668999999999999, 34.43)"
114,A/GLY 67/O,A/GLY 126/N,0,0,"(0, -1, 1)",0,0,"(1.4199999999999928, -4.124, 37.22)","(0.33833645352767583, -6.159270171923603, 39.499733016666276)"
115,A/GLY 67/O,A/GLY 126/CA,0,0,"(0, -1, 1)",0,0,"(1.4199999999999928, -4.124, 37.22)","(0.4823364535276742, -6.857270171923602, 38.22473301666628)"
116,A/GLY 67/O,A/ARG 125/CG,0,0,"(0, -1, 1)",0,0,"(1.4199999999999928, -4.124, 37.22)","(1.9103364535276768, -3.4962701719236073, 41.056733016666286)"
117,A/ARG 68/O,A/ARG 125/CD,0,0,"(0, -1, 1)",0,0,"(4.7499999999999964, -1.0140000000000007, 38.132000000000005)","(2.963336453527674, -2.4642701719236046, 41.40073301666627)"
118,A/ARG 68/CD,A/GLY 104/CA,0,0,"(0, -1, 0)",0,0,"(5.353999999999996, -4.118, 33.98100000000001)","(7.606619895637101, -6.736899104369945, 32.343)"
119,A/ARG 68/CD,A/GLY 104/N,0,0,"(0, -1, 0)",0,0,"(5.353999999999996, -4.118, 33.98100000000001)","(7.5186198956371015, -7.257899104369943, 33.755)"
120,A/PRO 70/CA,A/ARG 125/NE,0,0,"(0, -1, 1)",0,0,"(2.9819999999999993, 1.876999999999999, 41.98)","(2.698336453527677, -1.9112701719236034, 42.68273301666628)"
121,A/PRO 70/CA,A/ARG 125/CZ,0,0,"(0, -1, 1)",0,0,"(2.9819999999999993, 1.876999999999999, 41.98)","(3.603336453527678, -1.6802701719236048, 43.61773301666628)"
122,A/PRO 70/CB,A/ARG 125/CZ,0,0,"(0, -1, 1)",0,0,"(4.239999999999995, 2.143, 42.833)","(3.603336453527678, -1.6802701719236048, 43.61773301666628)"
123,A/PRO 70/CB,A/ARG 125/NH2,0,0,"(0, -1, 1)",0,0,"(4.239999999999995, 2.143, 42.833)","(3.1453364535276744, -1.1382701719236081, 44.67973301666628)"
124,A/PRO 70/CG,A/ARG 125/NH1,0,0,"(0, -1, 1)",0,0,"(5.352999999999998, 1.5909999999999993, 42.015)","(4.9383364535276755, -1.8122701719236045, 43.44673301666628)"
125,A/ASN 77/O,A/LYS 116/CE,0,0,"(-1, -1, 0)",0,0,"(-10.723000000000004, 2.9499999999999984, 30.817000000000004)","(-12.113380104362902, 0.05410089563005771, 31.031000000000002)"
126,A/ASN 77/O,A/LYS 116/NZ,0,0,"(-1, -1, 0)",0,0,"(-10.723000000000004, 2.9499999999999984, 30.817000000000004)","(-11.619380104362902, -0.3818991043699418, 32.345)"
127,A/ASN 77/CG,A/LYS 116/CE,0,0,"(-1, -1, 0)",0,0,"(-12.350000000000001, 3.0659999999999976, 33.272000000000006)","(-12.113380104362902, 0.05410089563005771, 31.031000000000002)"
128,A/ASN 77/CG,A/LYS 116/NZ,0,0,"(-1, -1, 0)",0,0,"(-12.350000000000001, 3.0659999999999976, 33.272000000000006)","(-11.619380104362902, -0.3818991043699418, 32.345)"
129,A/ASN 77/OD1,A/LYS 116/CE,0,0,"(-1, -1, 0)",0,0,"(-11.725000000000001, 2.1239999999999988, 33.774)","(-12.113380104362902, 0.05410089563005771, 31.031000000000002)"
130,A/ASN 77/OD1,A/LYS 116/NZ,0,0,"(-1, -1, 0)",0,0,"(-11.725000000000001, 2.1239999999999988, 33.774)","(-11.619380104362902, -0.3818991043699418, 32.345)"
131,A/ASN 77/ND2,A/LYS 116/CE,0,0,"(-1, -1, 0)",0,0,"(-13.635000000000002, 2.9769999999999994, 33.001)","(-12.113380104362902, 0.05410089563005771, 31.031000000000002)"
132,A/ASN 77/ND2,A/LYS 116/NZ,0,0,"(-1, -1, 0)",0,0,"(-13.635000000000002, 2.9769999999999994, 33.001)","(-11.619380104362902, -0.3818991043699418, 32.345)"
133,A/ILE 78/CG2,A/GLY 117/CA,0,0,"(-1, -1, 0)",0,0,"(-9.190000000000001, 3.9319999999999986, 28.151)","(-11.0373801043629, 2.2641008956300643, 25.138)"
134,A/PRO 79/CB,A/ASN 113/O,0,0,"(-1, -1, 0)",0,0,"(-5.326000000000002, -1.0910000000000002, 28.762)","(-5.4883801043629, -3.8998991043699425, 26.522000000000002)"
135,A/PRO 79/CG,A/ASN 113/C,0,0,"(-1, -1, 0)",0,0,"(-6.5440000000000005, -0.9080000000000004, 27.89)","(-6.424380104362901, -4.710899104369943, 26.771)"
136,A/PRO 79/CG,A/ASN 113/O,0,0,"(-1, -1, 0)",0,0,"(-6.5440000000000005, -0.9080000000000004, 27.89)","(-5.4883801043629, -3.8998991043699425, 26.522000000000002)"
137,A/PRO 79/CG,A/LYS 116/O,0,0,"(-1, -1, 0)",0,0,"(-6.5440000000000005, -0.9080000000000004, 27.89)","(-9.577380104362899, -0.037899104369942815, 25.819)"
138,A/PRO 79/CG,A/ARG 112/O,0,0,"(-1, -1, 0)",0,0,"(-6.5440000000000005, -0.9080000000000004, 27.89)","(-8.6853801043629, -3.472899104369943, 29.072000000000003)"
139,A/PRO 79/CD,A/LYS 116/O,0,0,"(-1, -1, 0)",0,0,"(-7.440000000000001, 0.06399999999999917, 28.669)","(-9.577380104362899, -0.037899104369942815, 25.819)"
140,A/PRO 79/CD,A/ARG 112/O,0,0,"(-1, -1, 0)",0,0,"(-7.440000000000001, 0.06399999999999917, 28.669)","(-8.6853801043629, -3.472899104369943, 29.072000000000003)"
141,A/SER 81/OG,A/ASN 113/O,0,0,"(-1, -1, 0)",0,0,"(-3.051000000000001, -1.9000000000000004, 25.701000000000004)","(-5.4883801043629, -3.8998991043699425, 26.522000000000002)"
142,A/ASP 87/OD2.A,A/ASP 119/OD2,0,0,"(-1, -1, 0)",0,0,"(-9.136, 4.886999999999999, 16.75)","(-12.118380104362899, 3.2711008956300582, 14.790000000000001)"
143,A/ASP 87/OD2.A,A/ASP 119/CB,0,0,"(-1, -1, 0)",0,0,"(-9.136, 4.886999999999999, 16.75)","(-11.460380104362898, 2.7261008956300543, 17.001)"
144,A/ASP 87/OD2.C,A/ASP 119/CG,0,0,"(-1, -1, 0)",0,0,"(-8.888000000000002, 4.305999999999999, 15.968)","(-12.506380104362899, 2.7801008956300564, 15.853000000000002)"
145,A/ASP 87/OD2.C,A/ASP 119/OD2,0,0,"(-1, -1, 0)",0,0,"(-8.888000000000002, 4.305999999999999, 15.968)","(-12.118380104362899, 3.2711008956300582, 14.790000000000001)"
146,A/ASP 87/OD2.C,A/ASP 119/CB,0,0,"(-1, -1, 0)",0,0,"(-8.888000000000002, 4.305999999999999, 15.968)","(-11.460380104362898, 2.7261008956300543, 17.001)"
147,A/ALA 90/CB,A/GLY 117/O,0,0,"(-1, -1, 0)",0,0,"(-7.399000000000002, 5.77, 23.33)","(-10.218380104362899, 3.5811008956300605, 23.385)"
148,A/SER 100/O,A/GLY 126/O,0,0,"(0, 0, 1)",0,0,"(-11.908000000000001, 18.446, 35.237)","(-12.199283442109426, 21.101628932446335, 36.990733016666276)"
149,A/SER 100/OG,A/ARG 128/NH2,0,0,"(0, 0, 1)",0,0,"(-12.567000000000004, 17.592, 31.217)","(-15.773283442109424, 16.345628932446335, 30.70573301666628)"
150,A/GLY 102/N,A/GLY 126/O,0,0,"(0, 0, 1)",0,0,"(-8.926, 19.315999999999995, 36.379)","(-12.199283442109426, 21.101628932446335, 36.990733016666276)"
151,A/GLY 102/CA,A/GLY 126/O,0,0,"(0, 0, 1)",0,0,"(-8.44, 20.576999999999998, 37.026)","(-12.199283442109426, 21.101628932446335, 36.990733016666276)"
152,A/VAL 109/CG1.A,A/ARG 128/NE,0,0,"(1, 0, 1)",0,0,"(8.547, 19.476, 31.506)","(11.173716557890572, 16.977628932446336, 32.85073301666628)"
153,A/VAL 109/CG2.B,A/ARG 128/CZ,0,0,"(1, 0, 1)",0,0,"(7.751999999999995, 17.592, 30.385000000000005)","(10.920716557890573, 16.181628932446337, 31.80973301666628)"
154,A/VAL 109/CG2.B,A/ARG 128/NH1,0,0,"(1, 0, 1)",0,0,"(7.751999999999995, 17.592, 30.385000000000005)","(9.936716557890572, 15.247628932446336, 31.846733016666278)"
