kL,kT,r1,r2
0.787031801650579,5.209722980113695e-06,"(np.float64(-17.447), np.float64(14.358), np.float64(16.227))","(np.float64(-13.761), np.float64(15.486999999999998), np.float64(15.359))"
0.787031801650579,5.209722980113695e-06,"(np.float64(-16.372999999999998), np.float64(13.872999999999998), np.float64(15.714000000000002))","(np.float64(-13.761), np.float64(15.486999999999998), np.float64(15.359))"
4.6327600954843147e-07,6.592100601958158e-07,"(np.float64(-15.773283442109424), np.float64(16.345628932446335), np.float64(30.70573301666628))","(np.float64(-12.567000000000004), np.float64(17.592), np.float64(31.217))"
0.9383009888339012,0.000685309304804143,"(np.float64(-14.689999999999998), np.float64(21.92), np.float64(22.152))","(np.float64(-12.317000000000002), np.float64(19.897), np.float64(20.739000000000004))"
0.5191369852665859,2.513092159899568e-06,"(np.float64(-14.686), np.float64(20.561999999999998), np.float64(22.308000000000003))","(np.float64(-12.474), np.float64(20.079999999999995), np.float64(25.152000000000005))"
0.9383009888339012,0.000685309304804143,"(np.float64(-14.686), np.float64(20.561999999999998), np.float64(22.308000000000003))","(np.float64(-12.317000000000002), np.float64(19.897), np.float64(20.739000000000004))"
0.9383009888339012,0.000685309304804143,"(np.float64(-14.686), np.float64(20.561999999999998), np.float64(22.308000000000003))","(np.float64(-11.908), np.float64(19.233), np.float64(19.778))"
2.8152606669743097e-07,5.6573281379121644e-08,"(np.float64(-14.570619895637103), np.float64(30.51489910436994), np.float64(24.469))","(np.float64(-13.129), np.float64(28.365999999999996), np.float64(21.681))"
2.8152606669743097e-07,5.6573281379121644e-08,"(np.float64(-14.236619895637105), np.float64(30.634899104369946), np.float64(23.281000000000002))","(np.float64(-13.129), np.float64(28.365999999999996), np.float64(21.681))"
2.8152606669743097e-07,5.6573281379121644e-08,"(np.float64(-14.236619895637105), np.float64(30.634899104369946), np.float64(23.281000000000002))","(np.float64(-11.904), np.float64(27.808999999999997), np.float64(21.802))"
0.32747340746429704,2.910152731203745e-14,"(np.float64(-14.009716557890577), np.float64(11.83237106755366), np.float64(8.139266983333723))","(np.float64(-11.91), np.float64(14.28), np.float64(10.489000000000003))"
0.9383009888339012,0.000685309304804143,"(np.float64(-13.925000000000004), np.float64(22.488), np.float64(21.355))","(np.float64(-12.317000000000002), np.float64(19.897), np.float64(20.739000000000004))"
8.339969184147749e-07,0.46157097183636425,"(np.float64(-13.925000000000004), np.float64(22.488), np.float64(21.355))","(np.float64(-11.822), np.float64(23.979), np.float64(19.697))"
1.1478390709912734,5.491710744181927e-07,"(np.float64(-13.925000000000004), np.float64(22.488), np.float64(21.355))","(np.float64(-11.205000000000002), np.float64(24.873999999999995), np.float64(22.683000000000003))"
0.5191369852665859,2.513092159899568e-06,"(np.float64(-13.925000000000004), np.float64(22.488), np.float64(21.355))","(np.float64(-11.18), np.float64(22.862999999999996), np.float64(24.047))"
1.1478390709912734,5.491710744181927e-07,"(np.float64(-13.925000000000004), np.float64(22.488), np.float64(21.355))","(np.float64(-11.169), np.float64(24.911999999999995), np.float64(22.690000000000005))"
0.5191369852665859,2.513092159899568e-06,"(np.float64(-13.925000000000004), np.float64(22.488), np.float64(21.355))","(np.float64(-10.736000000000002), np.float64(23.659999999999997), np.float64(22.88))"
2.8152606669743097e-07,5.6573281379121644e-08,"(np.float64(-13.723619895637103), np.float64(28.33389910436994), np.float64(25.362))","(np.float64(-13.129), np.float64(28.365999999999996), np.float64(21.681))"
2.8152606669743097e-07,5.6573281379121644e-08,"(np.float64(-13.723619895637103), np.float64(28.33389910436994), np.float64(25.362))","(np.float64(-12.025000000000002), np.float64(25.39), np.float64(23.449))"
2.8152606669743097e-07,5.6573281379121644e-08,"(np.float64(-13.723619895637103), np.float64(28.33389910436994), np.float64(25.362))","(np.float64(-12.015), np.float64(25.435999999999996), np.float64(23.417))"
2.8152606669743097e-07,5.6573281379121644e-08,"(np.float64(-13.723619895637103), np.float64(28.33389910436994), np.float64(25.362))","(np.float64(-11.065000000000001), np.float64(28.279), np.float64(22.569))"
0.18449962031141304,0.359901896894803,"(np.float64(-13.723619895637103), np.float64(28.33389910436994), np.float64(25.362))","(np.float64(-10.444), np.float64(26.493999999999996), np.float64(26.048))"
1.4763072632611213e-08,0.22024405909345038,"(np.float64(-13.635000000000002), np.float64(2.9769999999999994), np.float64(33.001))","(np.float64(-12.113380104362902), np.float64(0.05410089563005771), np.float64(31.031000000000002))"
1.4763072632611213e-08,0.22024405909345038,"(np.float64(-13.635000000000002), np.float64(2.9769999999999994), np.float64(33.001))","(np.float64(-11.619380104362902), np.float64(-0.3818991043699418), np.float64(32.345))"
0.32747340746429704,2.910152731203745e-14,"(np.float64(-12.647716557890579), np.float64(11.66937106755366), np.float64(7.855266983333726))","(np.float64(-11.91), np.float64(14.28), np.float64(10.489000000000003))"
0.32747340746429704,2.910152731203745e-14,"(np.float64(-12.647716557890579), np.float64(11.66937106755366), np.float64(7.855266983333726))","(np.float64(-10.664000000000001), np.float64(13.586), np.float64(10.513000000000002))"
3.672487077973761e-10,1.0630012008094876e-07,"(np.float64(-12.506380104362899), np.float64(2.7801008956300564), np.float64(15.853000000000002))","(np.float64(-8.888000000000002), np.float64(4.305999999999999), np.float64(15.968))"
1.4763072632611213e-08,0.22024405909345038,"(np.float64(-12.350000000000001), np.float64(3.0659999999999976), np.float64(33.272000000000006))","(np.float64(-12.113380104362902), np.float64(0.05410089563005771), np.float64(31.031000000000002))"
1.4763072632611213e-08,0.22024405909345038,"(np.float64(-12.350000000000001), np.float64(3.0659999999999976), np.float64(33.272000000000006))","(np.float64(-11.619380104362902), np.float64(-0.3818991043699418), np.float64(32.345))"
1.017658418102038e-06,2.1941095554141365,"(np.float64(-12.212619895637104), np.float64(26.706899104369942), np.float64(35.796))","(np.float64(-11.53), np.float64(24.094), np.float64(33.084))"
0.7557937723416803,3.339508950712903e-07,"(np.float64(-12.199283442109426), np.float64(21.101628932446335), np.float64(36.990733016666276))","(np.float64(-11.908000000000001), np.float64(18.446), np.float64(35.237))"
1.0268690638889555e-05,8.239490570753246e-07,"(np.float64(-12.199283442109426), np.float64(21.101628932446335), np.float64(36.990733016666276))","(np.float64(-8.926), np.float64(19.315999999999995), np.float64(36.379))"
1.0268690638889555e-05,8.239490570753246e-07,"(np.float64(-12.199283442109426), np.float64(21.101628932446335), np.float64(36.990733016666276))","(np.float64(-8.44), np.float64(20.576999999999998), np.float64(37.026))"
3.672487077973761e-10,1.0630012008094876e-07,"(np.float64(-12.118380104362899), np.float64(3.2711008956300582), np.float64(14.790000000000001))","(np.float64(-9.136), np.float64(4.886999999999999), np.float64(16.75))"
3.672487077973761e-10,1.0630012008094876e-07,"(np.float64(-12.118380104362899), np.float64(3.2711008956300582), np.float64(14.790000000000001))","(np.float64(-8.888000000000002), np.float64(4.305999999999999), np.float64(15.968))"
1.4763072632611213e-08,0.22024405909345038,"(np.float64(-12.113380104362902), np.float64(0.05410089563005771), np.float64(31.031000000000002))","(np.float64(-11.725000000000001), np.float64(2.1239999999999988), np.float64(33.774))"
1.4763072632611213e-08,0.22024405909345038,"(np.float64(-12.113380104362902), np.float64(0.05410089563005771), np.float64(31.031000000000002))","(np.float64(-10.723000000000004), np.float64(2.9499999999999984), np.float64(30.817000000000004))"
3.765277900836375e-06,5.73188872723661e-08,"(np.float64(-12.101000000000003), np.float64(23.461), np.float64(32.024))","(np.float64(-11.048619895637103), np.float64(27.028899104369938), np.float64(33.28))"
1.817233362652598e-07,7.493937167745473e-07,"(np.float64(-11.925619895637105), np.float64(32.24589910436994), np.float64(19.226000000000003))","(np.float64(-11.472999999999999), np.float64(28.817999999999998), np.float64(19.626))"
3.765277900836375e-06,5.73188872723661e-08,"(np.float64(-11.841619895637102), np.float64(27.901899104369942), np.float64(33.683))","(np.float64(-11.53), np.float64(24.094), np.float64(33.084))"
0.32747340746429704,2.910152731203745e-14,"(np.float64(-11.785716557890575), np.float64(10.739371067553659), np.float64(8.338266983333728))","(np.float64(-10.664000000000001), np.float64(13.586), np.float64(10.513000000000002))"
1.4763072632611213e-08,0.22024405909345038,"(np.float64(-11.725000000000001), np.float64(2.1239999999999988), np.float64(33.774))","(np.float64(-11.619380104362902), np.float64(-0.3818991043699418), np.float64(32.345))"
1.4763072632611213e-08,0.22024405909345038,"(np.float64(-11.619380104362902), np.float64(-0.3818991043699418), np.float64(32.345))","(np.float64(-10.723000000000004), np.float64(2.9499999999999984), np.float64(30.817000000000004))"
3.765277900836375e-06,5.73188872723661e-08,"(np.float64(-11.53), np.float64(24.094), np.float64(33.084))","(np.float64(-11.048619895637103), np.float64(27.028899104369938), np.float64(33.28))"
1.817233362652598e-07,7.493937167745473e-07,"(np.float64(-11.472999999999999), np.float64(28.817999999999998), np.float64(19.626))","(np.float64(-11.109619895637103), np.float64(31.982899104369938), np.float64(21.98))"
0.8189606881916894,2.2981738889606e-08,"(np.float64(-11.472999999999999), np.float64(28.817999999999998), np.float64(19.626))","(np.float64(-9.740619895637101), np.float64(31.265899104369936), np.float64(18.176))"
3.672487077973761e-10,1.0630012008094876e-07,"(np.float64(-11.460380104362898), np.float64(2.7261008956300543), np.float64(17.001))","(np.float64(-9.136), np.float64(4.886999999999999), np.float64(16.75))"
3.672487077973761e-10,1.0630012008094876e-07,"(np.float64(-11.460380104362898), np.float64(2.7261008956300543), np.float64(17.001))","(np.float64(-8.888000000000002), np.float64(4.305999999999999), np.float64(15.968))"
0.32747340746429704,2.910152731203745e-14,"(np.float64(-11.276716557890575), np.float64(11.688371067553662), np.float64(6.874266983333723))","(np.float64(-9.582), np.float64(13.840999999999998), np.float64(9.758))"
1.817233362652598e-07,7.493937167745473e-07,"(np.float64(-11.109619895637103), np.float64(31.982899104369938), np.float64(21.98))","(np.float64(-11.065000000000001), np.float64(28.279), np.float64(22.569))"
1.817233362652598e-07,7.493937167745473e-07,"(np.float64(-11.065000000000001), np.float64(28.279), np.float64(22.569))","(np.float64(-9.536619895637102), np.float64(31.12989910436994), np.float64(23.714))"
8.457140592315604e-10,1.1366718097679449e-07,"(np.float64(-11.0373801043629), np.float64(2.2641008956300643), np.float64(25.138))","(np.float64(-9.190000000000001), np.float64(3.9319999999999986), np.float64(28.151))"
0.32747340746429704,2.910152731203745e-14,"(np.float64(-10.664000000000001), np.float64(13.586), np.float64(10.513000000000002))","(np.float64(-10.554716557890576), np.float64(10.760371067553658), np.float64(7.891266983333722))"
0.32747340746429704,2.910152731203745e-14,"(np.float64(-10.554716557890576), np.float64(10.760371067553658), np.float64(7.891266983333722))","(np.float64(-9.582), np.float64(13.840999999999998), np.float64(9.758))"
0.32747340746429704,2.910152731203745e-14,"(np.float64(-10.554716557890576), np.float64(10.760371067553658), np.float64(7.891266983333722))","(np.float64(-8.536), np.float64(13.038), np.float64(9.968))"
3.4017623346849077e-09,8.182299228871425e-07,"(np.float64(-10.218380104362899), np.float64(3.5811008956300605), np.float64(23.385))","(np.float64(-7.399000000000002), np.float64(5.77), np.float64(23.33))"
0.8189606881916894,2.2981738889606e-08,"(np.float64(-9.740619895637101), np.float64(31.265899104369936), np.float64(18.176))","(np.float64(-9.552), np.float64(28.228), np.float64(20.482))"
6.52975275665605e-08,2.921748258706698e-07,"(np.float64(-9.721000000000002), np.float64(27.716999999999995), np.float64(25.739))","(np.float64(-9.536619895637102), np.float64(31.12989910436994), np.float64(23.714))"
0.5361293094507134,2.910952426169407e-14,"(np.float64(-9.582999999999998), np.float64(14.835999999999999), np.float64(8.829))","(np.float64(-8.632716557890575), np.float64(12.245371067553657), np.float64(6.006266983333725))"
3.369835339166205e-10,0.6042428990103766,"(np.float64(-9.577380104362899), np.float64(-0.037899104369942815), np.float64(25.819))","(np.float64(-7.440000000000001), np.float64(0.06399999999999917), np.float64(28.669))"
3.369835339166205e-10,0.6042428990103766,"(np.float64(-9.577380104362899), np.float64(-0.037899104369942815), np.float64(25.819))","(np.float64(-6.5440000000000005), np.float64(-0.9080000000000004), np.float64(27.89))"
0.8189606881916894,2.2981738889606e-08,"(np.float64(-9.552), np.float64(28.228), np.float64(20.482))","(np.float64(-8.485619895637102), np.float64(31.41589910436994), np.float64(18.459))"
0.8189606881916894,2.2981738889606e-08,"(np.float64(-9.552), np.float64(28.228), np.float64(20.482))","(np.float64(-7.961619895637104), np.float64(30.89989910436994), np.float64(19.465000000000003))"
6.52975275665605e-08,2.921748258706698e-07,"(np.float64(-9.536619895637102), np.float64(31.12989910436994), np.float64(23.714))","(np.float64(-7.612000000000004), np.float64(28.534999999999997), np.float64(25.056000000000004))"
2.442864154250008e-09,0.45137168607121403,"(np.float64(-8.6853801043629), np.float64(-3.472899104369943), np.float64(29.072000000000003))","(np.float64(-7.440000000000001), np.float64(0.06399999999999917), np.float64(28.669))"
2.442864154250008e-09,0.45137168607121403,"(np.float64(-8.6853801043629), np.float64(-3.472899104369943), np.float64(29.072000000000003))","(np.float64(-6.5440000000000005), np.float64(-0.9080000000000004), np.float64(27.89))"
0.5361293094507134,2.910952426169407e-14,"(np.float64(-8.536), np.float64(13.038), np.float64(9.968))","(np.float64(-7.091716557890576), np.float64(10.80537106755366), np.float64(7.0382669833337195))"
1.6430851224377396,7.552874288270665e-06,"(np.float64(-7.961619895637104), np.float64(30.89989910436994), np.float64(19.465000000000003))","(np.float64(-5.774000000000003), np.float64(27.931), np.float64(19.742000000000004))"
4.4609279231623023e-07,4.187789789395191e-08,"(np.float64(-7.612000000000004), np.float64(28.534999999999997), np.float64(25.056000000000004))","(np.float64(-4.631619895637105), np.float64(29.33289910436994), np.float64(27.125))"
5.925856726999728e-06,2.4408879937062103e-10,"(np.float64(-6.813619895637105), np.float64(26.52889910436994), np.float64(32.804))","(np.float64(-4.456000000000003), np.float64(25.657999999999998), np.float64(30.236))"
5.925856726999728e-06,2.4408879937062103e-10,"(np.float64(-6.5696198956371035), np.float64(28.276899104369942), np.float64(31.478000000000005))","(np.float64(-4.456000000000003), np.float64(25.657999999999998), np.float64(30.236))"
4.727725502999337e-09,6.337181787964593e-09,"(np.float64(-6.5440000000000005), np.float64(-0.9080000000000004), np.float64(27.89))","(np.float64(-6.424380104362901), np.float64(-4.710899104369943), np.float64(26.771))"
4.727725502999337e-09,6.337181787964593e-09,"(np.float64(-6.5440000000000005), np.float64(-0.9080000000000004), np.float64(27.89))","(np.float64(-5.4883801043629), np.float64(-3.8998991043699425), np.float64(26.522000000000002))"
5.925856726999728e-06,2.4408879937062103e-10,"(np.float64(-6.235619895637104), np.float64(27.68989910436994), np.float64(32.56300000000001))","(np.float64(-4.456000000000003), np.float64(25.657999999999998), np.float64(30.236))"
4.727725502999337e-09,6.337181787964593e-09,"(np.float64(-5.4883801043629), np.float64(-3.8998991043699425), np.float64(26.522000000000002))","(np.float64(-5.326000000000002), np.float64(-1.0910000000000002), np.float64(28.762))"
7.3481334054760095e-09,4.590879407392491e-07,"(np.float64(-5.4883801043629), np.float64(-3.8998991043699425), np.float64(26.522000000000002))","(np.float64(-3.051000000000001), np.float64(-1.9000000000000004), np.float64(25.701000000000004))"
6.886071307529617e-06,4.134252901323806e-07,"(np.float64(-4.637619895637107), np.float64(29.555899104369946), np.float64(29.352))","(np.float64(-4.067), np.float64(26.006999999999998), np.float64(27.857))"
6.886071307529617e-06,4.134252901323806e-07,"(np.float64(-4.631619895637105), np.float64(29.33289910436994), np.float64(27.125))","(np.float64(-4.485000000000001), np.float64(25.805999999999997), np.float64(26.561000000000003))"
6.886071307529617e-06,4.134252901323806e-07,"(np.float64(-4.631619895637105), np.float64(29.33289910436994), np.float64(27.125))","(np.float64(-4.067), np.float64(26.006999999999998), np.float64(27.857))"
6.886071307529617e-06,4.134252901323806e-07,"(np.float64(-4.485000000000001), np.float64(25.805999999999997), np.float64(26.561000000000003))","(np.float64(-3.082619895637105), np.float64(29.28789910436994), np.float64(26.292000000000005))"
6.886071307529617e-06,4.134252901323806e-07,"(np.float64(-4.067), np.float64(26.006999999999998), np.float64(27.857))","(np.float64(-3.917619895637106), np.float64(29.66289910436994), np.float64(28.219000000000005))"
6.886071307529617e-06,4.134252901323806e-07,"(np.float64(-4.067), np.float64(26.006999999999998), np.float64(27.857))","(np.float64(-3.082619895637105), np.float64(29.28789910436994), np.float64(26.292000000000005))"
1.8274331475408865,2.909422721025818e-14,"(np.float64(-3.9917165578905736), np.float64(8.03537106755366), np.float64(6.6482669833337225))","(np.float64(-2.2669999999999995), np.float64(8.216999999999999), np.float64(9.705))"
2.3247008698566605e-07,2.9223841263205887e-14,"(np.float64(-2.31771655789057), np.float64(10.82737106755366), np.float64(5.443266983333723))","(np.float64(-1.4570000000000007), np.float64(14.359000000000002), np.float64(7.03))"
3.709374985117014e-06,1.7517310624119222e-06,"(np.float64(-1.8587165578905758), np.float64(15.93737106755366), np.float64(2.822266983333721))","(np.float64(-0.21599999999999975), np.float64(15.211999999999994), np.float64(5.197))"
0.5808226006191629,8.668106867164988e-07,"(np.float64(-1.016000000000001), np.float64(19.69), np.float64(7.564))","(np.float64(-0.23471655789057744), np.float64(18.37937106755366), np.float64(4.334266983333721))"
3.709374985117014e-06,1.7517310624119222e-06,"(np.float64(-0.8827165578905753), np.float64(15.31737106755366), np.float64(1.8642669833337218))","(np.float64(-0.21599999999999975), np.float64(15.211999999999994), np.float64(5.197))"
5.788710055261654e-06,2.769514357102576e-05,"(np.float64(-0.33800000000000185), np.float64(15.21), np.float64(6.469000000000001))","(np.float64(-0.23471655789057744), np.float64(18.37937106755366), np.float64(4.334266983333721))"
5.788710055261654e-06,2.769514357102576e-05,"(np.float64(-0.33800000000000185), np.float64(15.21), np.float64(6.469000000000001))","(np.float64(0.9322834421094226), np.float64(18.090371067553654), np.float64(4.107266983333726))"
5.788710055261654e-06,2.769514357102576e-05,"(np.float64(-0.33800000000000185), np.float64(15.21), np.float64(6.469000000000001))","(np.float64(1.4092834421094231), np.float64(16.91337106755366), np.float64(4.189266983333728))"
0.8000437997591758,8.39316810395443e-07,"(np.float64(-0.33800000000000185), np.float64(15.21), np.float64(6.469000000000001))","(np.float64(2.4322834421094224), np.float64(12.67637106755366), np.float64(6.294266983333722))"
5.788710055261654e-06,2.769514357102576e-05,"(np.float64(-0.23471655789057744), np.float64(18.37937106755366), np.float64(4.334266983333721))","(np.float64(-0.21599999999999975), np.float64(15.211999999999994), np.float64(5.197))"
5.788710055261654e-06,2.769514357102576e-05,"(np.float64(-0.23471655789057744), np.float64(18.37937106755366), np.float64(4.334266983333721))","(np.float64(0.4209999999999994), np.float64(15.878000000000002), np.float64(7.225))"
5.788710055261654e-06,2.769514357102576e-05,"(np.float64(-0.21599999999999975), np.float64(15.211999999999994), np.float64(5.197))","(np.float64(0.9322834421094226), np.float64(18.090371067553654), np.float64(4.107266983333726))"
5.788710055261654e-06,2.769514357102576e-05,"(np.float64(-0.21599999999999975), np.float64(15.211999999999994), np.float64(5.197))","(np.float64(1.4092834421094231), np.float64(16.91337106755366), np.float64(4.189266983333728))"
0.8000437997591758,8.39316810395443e-07,"(np.float64(-0.21599999999999975), np.float64(15.211999999999994), np.float64(5.197))","(np.float64(2.4322834421094224), np.float64(12.67637106755366), np.float64(6.294266983333722))"
0.5808226006191629,8.668106867164988e-07,"(np.float64(-0.13999999999999924), np.float64(21.257), np.float64(7.344))","(np.float64(2.246283442109424), np.float64(21.63337106755366), np.float64(4.254266983333722))"
0.5808226006191629,8.668106867164988e-07,"(np.float64(-0.13999999999999924), np.float64(21.257), np.float64(7.344))","(np.float64(2.986283442109423), np.float64(21.41137106755366), np.float64(5.24526698333372))"
0.5930054615990207,2.9229343643764246e-14,"(np.float64(0.33833645352767583), np.float64(-6.159270171923603), np.float64(39.499733016666276))","(np.float64(1.4199999999999928), np.float64(-4.124), np.float64(37.22))"
5.788710055261654e-06,2.769514357102576e-05,"(np.float64(0.4209999999999994), np.float64(15.878000000000002), np.float64(7.225))","(np.float64(0.9322834421094226), np.float64(18.090371067553654), np.float64(4.107266983333726))"
5.788710055261654e-06,2.769514357102576e-05,"(np.float64(0.4209999999999994), np.float64(15.878000000000002), np.float64(7.225))","(np.float64(1.4092834421094231), np.float64(16.91337106755366), np.float64(4.189266983333728))"
0.8000437997591758,8.39316810395443e-07,"(np.float64(0.4209999999999994), np.float64(15.878000000000002), np.float64(7.225))","(np.float64(2.4322834421094224), np.float64(12.67637106755366), np.float64(6.294266983333722))"
0.5930054615990207,2.9229343643764246e-14,"(np.float64(0.4823364535276742), np.float64(-6.857270171923602), np.float64(38.22473301666628))","(np.float64(1.4199999999999928), np.float64(-4.124), np.float64(37.22))"
2.2876641892458863e-08,1.1053750299029355e-09,"(np.float64(1.4199999999999928), np.float64(-4.124), np.float64(37.22))","(np.float64(1.9103364535276768), np.float64(-3.4962701719236073), np.float64(41.056733016666286))"
3.0207393739933925,2.016819549446329e-11,"(np.float64(2.3519999999999994), np.float64(13.581999999999999), np.float64(9.967000000000002))","(np.float64(2.4322834421094224), np.float64(12.67637106755366), np.float64(6.294266983333722))"
3.0207393739933925,2.016819549446329e-11,"(np.float64(2.4322834421094224), np.float64(12.67637106755366), np.float64(6.294266983333722))","(np.float64(2.711), np.float64(14.934999999999999), np.float64(9.523))"
0.15025118484029398,9.520408718916799e-07,"(np.float64(2.4882834421094278), np.float64(24.093371067553658), np.float64(4.478266983333727))","(np.float64(3.1420000000000003), np.float64(23.589), np.float64(7.89))"
0.15025118484029398,9.520408718916799e-07,"(np.float64(2.4882834421094278), np.float64(24.093371067553658), np.float64(4.478266983333727))","(np.float64(3.4410000000000003), np.float64(24.109), np.float64(8.009))"
0.0005472911127529463,2.927107573623711e-14,"(np.float64(2.698336453527677), np.float64(-1.9112701719236034), np.float64(42.68273301666628))","(np.float64(2.9819999999999993), np.float64(1.876999999999999), np.float64(41.98))"
0.9997596524436996,1.179985990770828e-06,"(np.float64(2.711), np.float64(14.934999999999999), np.float64(9.523))","(np.float64(6.48528344210942), np.float64(15.131371067553658), np.float64(10.444266983333724))"
1.4685142739484611,2.931230940100692e-14,"(np.float64(2.963336453527674), np.float64(-2.4642701719236046), np.float64(41.40073301666627))","(np.float64(4.7499999999999964), np.float64(-1.0140000000000007), np.float64(38.132000000000005))"
0.0005472911127529463,2.927107573623711e-14,"(np.float64(2.9819999999999993), np.float64(1.876999999999999), np.float64(41.98))","(np.float64(3.603336453527678), np.float64(-1.6802701719236048), np.float64(43.61773301666628))"
0.17980613073089405,7.905295856132817e-08,"(np.float64(2.986283442109423), np.float64(21.41137106755366), np.float64(5.24526698333372))","(np.float64(3.1420000000000003), np.float64(23.589), np.float64(7.89))"
0.17980613073089405,7.905295856132817e-08,"(np.float64(2.986283442109423), np.float64(21.41137106755366), np.float64(5.24526698333372))","(np.float64(3.4410000000000003), np.float64(24.109), np.float64(8.009))"
0.15025118484029398,9.520408718916799e-07,"(np.float64(3.1420000000000003), np.float64(23.589), np.float64(7.89))","(np.float64(3.931283442109427), np.float64(24.397371067553657), np.float64(4.138266983333721))"
0.15025118484029398,9.520408718916799e-07,"(np.float64(3.1420000000000003), np.float64(23.589), np.float64(7.89))","(np.float64(4.581283442109425), np.float64(25.031371067553657), np.float64(4.8852669833337234))"
0.0005472911127529463,2.927107573623711e-14,"(np.float64(3.1453364535276744), np.float64(-1.1382701719236081), np.float64(44.67973301666628))","(np.float64(4.239999999999995), np.float64(2.143), np.float64(42.833))"
0.15025118484029398,9.520408718916799e-07,"(np.float64(3.4410000000000003), np.float64(24.109), np.float64(8.009))","(np.float64(3.931283442109427), np.float64(24.397371067553657), np.float64(4.138266983333721))"
0.15025118484029398,9.520408718916799e-07,"(np.float64(3.4410000000000003), np.float64(24.109), np.float64(8.009))","(np.float64(4.581283442109425), np.float64(25.031371067553657), np.float64(4.8852669833337234))"
0.0005472911127529463,2.927107573623711e-14,"(np.float64(3.603336453527678), np.float64(-1.6802701719236048), np.float64(43.61773301666628))","(np.float64(4.239999999999995), np.float64(2.143), np.float64(42.833))"
0.4105236248644089,0.34109940404782785,"(np.float64(3.779000000000001), np.float64(9.966999999999999), np.float64(10.439))","(np.float64(5.745283442109425), np.float64(9.319371067553657), np.float64(7.270266983333723))"
0.4105236248644089,0.34109940404782785,"(np.float64(3.779000000000001), np.float64(9.966999999999999), np.float64(10.439))","(np.float64(5.758283442109426), np.float64(10.826371067553659), np.float64(7.506266983333726))"
0.4105236248644089,0.34109940404782785,"(np.float64(3.779000000000001), np.float64(9.966999999999999), np.float64(10.439))","(np.float64(6.554283442109426), np.float64(11.279371067553658), np.float64(8.673266983333718))"
1.298877837269826,1.90420338332662e-10,"(np.float64(3.973999999999998), np.float64(13.43), np.float64(11.508000000000001))","(np.float64(6.456283442109424), np.float64(12.75137106755366), np.float64(8.96426698333372))"
1.298877837269826,1.90420338332662e-10,"(np.float64(3.973999999999998), np.float64(13.43), np.float64(11.508000000000001))","(np.float64(6.48528344210942), np.float64(15.131371067553658), np.float64(10.444266983333724))"
1.298877837269826,1.90420338332662e-10,"(np.float64(3.973999999999998), np.float64(13.43), np.float64(11.508000000000001))","(np.float64(7.4332834421094205), np.float64(14.30237106755366), np.float64(10.605266983333722))"
1.298877837269826,1.90420338332662e-10,"(np.float64(3.973999999999998), np.float64(13.43), np.float64(11.508000000000001))","(np.float64(7.457283442109425), np.float64(13.11837106755366), np.float64(9.972266983333725))"
3.934483004939809e-08,0.00012343485314380512,"(np.float64(4.821999999999999), np.float64(15.860999999999995), np.float64(13.886000000000001))","(np.float64(6.48528344210942), np.float64(15.131371067553658), np.float64(10.444266983333724))"
0.0005472911127529463,2.927107573623711e-14,"(np.float64(4.9383364535276755), np.float64(-1.8122701719236045), np.float64(43.44673301666628))","(np.float64(5.352999999999998), np.float64(1.5909999999999993), np.float64(42.015))"
0.33021068087203403,8.08400547136004e-08,"(np.float64(5.353999999999996), np.float64(-4.118), np.float64(33.98100000000001))","(np.float64(7.5186198956371015), np.float64(-7.257899104369943), np.float64(33.755))"
0.33021068087203403,8.08400547136004e-08,"(np.float64(5.353999999999996), np.float64(-4.118), np.float64(33.98100000000001))","(np.float64(7.606619895637101), np.float64(-6.736899104369945), np.float64(32.343))"
0.09301394225567734,3.526077470318445e-07,"(np.float64(5.541999999999998), np.float64(2.047999999999999), np.float64(15.897000000000002))","(np.float64(7.8576198956371), np.float64(1.759100895630058), np.float64(12.884))"
0.09301394225567734,3.526077470318445e-07,"(np.float64(5.541999999999998), np.float64(2.047999999999999), np.float64(15.897000000000002))","(np.float64(8.697619895637104), np.float64(2.630100895630059), np.float64(14.759000000000002))"
0.09301394225567734,3.526077470318445e-07,"(np.float64(5.541999999999998), np.float64(2.047999999999999), np.float64(15.897000000000002))","(np.float64(8.7496198956371), np.float64(1.809100895630055), np.float64(13.799000000000001))"
0.4105236248644089,0.34109940404782785,"(np.float64(6.554283442109426), np.float64(11.279371067553658), np.float64(8.673266983333718))","(np.float64(6.613999999999996), np.float64(10.605), np.float64(12.496000000000002))"
0.4105236248644089,0.34109940404782785,"(np.float64(6.613999999999996), np.float64(10.605), np.float64(12.496000000000002))","(np.float64(7.457283442109425), np.float64(13.11837106755366), np.float64(9.972266983333725))"
4.3582978742200365e-07,1.354875259742716e-10,"(np.float64(7.751999999999995), np.float64(17.592), np.float64(30.385000000000005))","(np.float64(9.936716557890572), np.float64(15.247628932446336), np.float64(31.846733016666278))"
4.3582978742200365e-07,1.354875259742716e-10,"(np.float64(7.751999999999995), np.float64(17.592), np.float64(30.385000000000005))","(np.float64(10.920716557890573), np.float64(16.181628932446337), np.float64(31.80973301666628))"
4.3582978742200365e-07,1.354875259742716e-10,"(np.float64(8.547), np.float64(19.476), np.float64(31.506))","(np.float64(11.173716557890572), np.float64(16.977628932446336), np.float64(32.85073301666628))"
0.19366376879785394,0.05081026128487272,"(np.float64(10.672), np.float64(2.887999999999999), np.float64(30.616000000000003))","(np.float64(13.788999999999998), np.float64(2.9769999999999994), np.float64(33.001))"
1.149192222570506e-05,4.487091278846732e-08,"(np.float64(10.821999999999997), np.float64(0.4609999999999994), np.float64(26.768000000000004))","(np.float64(12.114619895637103), np.float64(-3.2728991043699427), np.float64(27.008000000000003))"
0.19366376879785394,0.05081026128487272,"(np.float64(10.937999999999995), np.float64(2.9929999999999986), np.float64(30.513000000000005))","(np.float64(13.788999999999998), np.float64(2.9769999999999994), np.float64(33.001))"
0.19366376879785394,0.05081026128487272,"(np.float64(11.056000000000001), np.float64(5.0600000000000005), np.float64(31.919))","(np.float64(13.788999999999998), np.float64(2.9769999999999994), np.float64(33.001))"
0.19366376879785394,0.05081026128487272,"(np.float64(11.080999999999998), np.float64(5.103999999999999), np.float64(31.927))","(np.float64(13.788999999999998), np.float64(2.9769999999999994), np.float64(33.001))"
0.4316648622386233,0.885422024537601,"(np.float64(11.173999999999998), np.float64(4.397999999999998), np.float64(35.404))","(np.float64(13.788999999999998), np.float64(2.9769999999999994), np.float64(33.001))"
0.4316648622386233,0.885422024537601,"(np.float64(11.597999999999999), np.float64(5.527999999999999), np.float64(35.162))","(np.float64(13.788999999999998), np.float64(2.9769999999999994), np.float64(33.001))"
0.19366376879785394,0.05081026128487272,"(np.float64(12.301999999999998), np.float64(5.227999999999998), np.float64(31.763000000000005))","(np.float64(13.788999999999998), np.float64(2.9769999999999994), np.float64(33.001))"
0.19366376879785394,0.05081026128487272,"(np.float64(12.301999999999998), np.float64(5.227999999999998), np.float64(31.763000000000005))","(np.float64(15.074000000000002), np.float64(3.0659999999999976), np.float64(33.272000000000006))"
0.19366376879785394,0.05081026128487272,"(np.float64(12.301999999999998), np.float64(5.227999999999998), np.float64(31.763000000000005))","(np.float64(15.753), np.float64(4.359999999999999), np.float64(32.959))"
0.19366376879785394,0.05081026128487272,"(np.float64(12.324999999999994), np.float64(5.286), np.float64(31.823))","(np.float64(13.788999999999998), np.float64(2.9769999999999994), np.float64(33.001))"
0.19366376879785394,0.05081026128487272,"(np.float64(12.324999999999994), np.float64(5.286), np.float64(31.823))","(np.float64(15.074000000000002), np.float64(3.0659999999999976), np.float64(33.272000000000006))"
0.19366376879785394,0.05081026128487272,"(np.float64(12.324999999999994), np.float64(5.286), np.float64(31.823))","(np.float64(15.753), np.float64(4.359999999999999), np.float64(32.959))"
0.0007531846932347948,3.6250380571521513e-09,"(np.float64(15.470000000000004), np.float64(5.985999999999997), np.float64(36.33200000000001))","(np.float64(15.753), np.float64(4.359999999999999), np.float64(32.959))"
5.343277415089123e-07,0.4929269511355228,"(np.float64(15.470000000000004), np.float64(5.985999999999997), np.float64(36.33200000000001))","(np.float64(17.313000000000002), np.float64(8.668999999999999), np.float64(34.43))"
0.37793424888830857,1.4289230156450234e-05,"(np.float64(15.470000000000004), np.float64(5.985999999999997), np.float64(36.33200000000001))","(np.float64(18.846), np.float64(5.457999999999998), np.float64(35.775))"
