x,q
0.0,"(np.float64(0.0), np.float64(0.0), np.float64(-0.09652262576877843))"
0.01,"(np.float64(0.0), np.float64(0.0), np.float64(-0.09555739951109064))"
0.02,"(np.float64(0.0), np.float64(0.0), np.float64(-0.09459217325340286))"
0.03,"(np.float64(0.0), np.float64(0.0), np.float64(-0.09362694699571507))"
0.04,"(np.float64(0.0), np.float64(0.0), np.float64(-0.0926617207380273))"
0.05,"(np.float64(0.0), np.float64(0.0), np.float64(-0.09169649448033951))"
0.06,"(np.float64(0.0), np.float64(0.0), np.float64(-0.09073126822265172))"
0.07,"(np.float64(0.0), np.float64(0.0), np.float64(-0.08976604196496393))"
0.08,"(np.float64(0.0), np.float64(0.0), np.float64(-0.08880081570727616))"
0.09,"(np.float64(0.0), np.float64(0.0), np.float64(-0.08783558944958837))"
0.1,"(np.float64(0.0), np.float64(0.0), np.float64(-0.08687036319190058))"
0.11,"(np.float64(0.0), np.float64(0.0), np.float64(-0.08590513693421281))"
0.12,"(np.float64(0.0), np.float64(0.0), np.float64(-0.08493991067652502))"
0.13,"(np.float64(0.0), np.float64(0.0), np.float64(-0.08397468441883724))"
0.14,"(np.float64(0.0), np.float64(0.0), np.float64(-0.08300945816114945))"
0.15,"(np.float64(0.0), np.float64(0.0), np.float64(-0.08204423190346166))"
0.16,"(np.float64(0.0), np.float64(0.0), np.float64(-0.08107900564577387))"
0.17,"(np.float64(0.0), np.float64(0.0), np.float64(-0.08011377938808609))"
0.18,"(np.float64(0.0), np.float64(0.0), np.float64(-0.07914855313039831))"
0.19,"(np.float64(0.0), np.float64(0.0), np.float64(-0.07818332687271054))"
0.2,"(np.float64(0.0), np.float64(0.0), np.float64(-0.07721810061502275))"
0.21,"(np.float64(0.0), np.float64(0.0), np.float64(-0.07625287435733497))"
0.22,"(np.float64(0.0), np.float64(0.0), np.float64(-0.07528764809964718))"
0.23,"(np.float64(0.0), np.float64(0.0), np.float64(-0.07432242184195939))"
0.24,"(np.float64(0.0), np.float64(0.0), np.float64(-0.0733571955842716))"
0.25,"(np.float64(0.0), np.float64(0.0), np.float64(-0.07239196932658382))"
0.26,"(np.float64(0.0), np.float64(0.0), np.float64(-0.07142674306889604))"
0.27,"(np.float64(0.0), np.float64(0.0), np.float64(-0.07046151681120826))"
0.28,"(np.float64(0.0), np.float64(0.0), np.float64(-0.06949629055352047))"
0.29,"(np.float64(0.0), np.float64(0.0), np.float64(-0.06853106429583268))"
0.3,"(np.float64(0.0), np.float64(0.0), np.float64(-0.0675658380381449))"
0.31,"(np.float64(0.0), np.float64(0.0), np.float64(-0.0666006117804571))"
0.32,"(np.float64(0.0), np.float64(0.0), np.float64(-0.06563538552276933))"
0.33,"(np.float64(0.0), np.float64(0.0), np.float64(-0.06467015926508154))"
0.34,"(np.float64(0.0), np.float64(0.0), np.float64(-0.06370493300739376))"
0.35,"(np.float64(0.0), np.float64(0.0), np.float64(-0.06273970674970598))"
0.36,"(np.float64(0.0), np.float64(0.0), np.float64(-0.0617744804920182))"
0.37,"(np.float64(0.0), np.float64(0.0), np.float64(-0.06080925423433041))"
0.38,"(np.float64(0.0), np.float64(0.0), np.float64(-0.05984402797664263))"
0.39,"(np.float64(0.0), np.float64(0.0), np.float64(-0.05887880171895484))"
0.4,"(np.float64(0.0), np.float64(0.0), np.float64(-0.057913575461267054))"
0.41,"(np.float64(0.0), np.float64(0.0), np.float64(-0.05694834920357928))"
0.42,"(np.float64(0.0), np.float64(0.0), np.float64(-0.05598312294589149))"
0.43,"(np.float64(0.0), np.float64(0.0), np.float64(-0.05501789668820371))"
0.44,"(np.float64(0.0), np.float64(0.0), np.float64(-0.054052670430515926))"
0.45,"(np.float64(0.0), np.float64(0.0), np.float64(-0.05308744417282814))"
0.46,"(np.float64(0.0), np.float64(0.0), np.float64(-0.05212221791514036))"
0.47,"(np.float64(0.0), np.float64(0.0), np.float64(-0.05115699165745257))"
0.48,"(np.float64(0.0), np.float64(0.0), np.float64(-0.05019176539976478))"
0.49,"(np.float64(0.0), np.float64(0.0), np.float64(-0.049226539142077))"
0.5,"(np.float64(0.0), np.float64(0.0), np.float64(-0.048261312884389215))"
0.51,"(np.float64(0.0), np.float64(0.0), np.float64(-0.04729608662670143))"
0.52,"(np.float64(0.0), np.float64(0.0), np.float64(-0.04633086036901365))"
0.53,"(np.float64(0.0), np.float64(0.0), np.float64(-0.04536563411132586))"
0.54,"(np.float64(0.0), np.float64(0.0), np.float64(-0.04440040785363807))"
0.55,"(np.float64(0.0), np.float64(0.0), np.float64(-0.04343518159595029))"
0.56,"(np.float64(0.0), np.float64(0.0), np.float64(-0.042469955338262505))"
0.57,"(np.float64(0.0), np.float64(0.0), np.float64(-0.04150472908057473))"
0.58,"(np.float64(0.0), np.float64(0.0), np.float64(-0.040539502822886944))"
0.59,"(np.float64(0.0), np.float64(0.0), np.float64(-0.03957427656519916))"
0.6,"(np.float64(0.0), np.float64(0.0), np.float64(-0.038609050307511376))"
0.61,"(np.float64(0.0), np.float64(0.0), np.float64(-0.03764382404982359))"
0.62,"(np.float64(0.0), np.float64(0.0), np.float64(-0.0366785977921358))"
0.63,"(np.float64(0.0), np.float64(0.0), np.float64(-0.03571337153444802))"
0.64,"(np.float64(0.0), np.float64(0.0), np.float64(-0.034748145276760234))"
0.65,"(np.float64(0.0), np.float64(0.0), np.float64(-0.03378291901907245))"
0.66,"(np.float64(0.0), np.float64(0.0), np.float64(-0.032817692761384666))"
0.67,"(np.float64(0.0), np.float64(0.0), np.float64(-0.03185246650369688))"
0.68,"(np.float64(0.0), np.float64(0.0), np.float64(-0.03088724024600909))"
0.69,"(np.float64(0.0), np.float64(0.0), np.float64(-0.029922013988321318))"
0.7,"(np.float64(0.0), np.float64(0.0), np.float64(-0.028956787730633534))"
0.71,"(np.float64(0.0), np.float64(0.0), np.float64(-0.027991561472945747))"
0.72,"(np.float64(0.0), np.float64(0.0), np.float64(-0.027026335215257963))"
0.73,"(np.float64(0.0), np.float64(0.0), np.float64(-0.02606110895757018))"
0.74,"(np.float64(0.0), np.float64(0.0), np.float64(-0.02509588269988239))"
0.75,"(np.float64(0.0), np.float64(0.0), np.float64(-0.024130656442194608))"
0.76,"(np.float64(0.0), np.float64(0.0), np.float64(-0.023165430184506824))"
0.77,"(np.float64(0.0), np.float64(0.0), np.float64(-0.022200203926819036))"
0.78,"(np.float64(0.0), np.float64(0.0), np.float64(-0.021234977669131253))"
0.79,"(np.float64(0.0), np.float64(0.0), np.float64(-0.02026975141144347))"
0.8,"(np.float64(0.0), np.float64(0.0), np.float64(-0.01930452515375568))"
0.81,"(np.float64(0.0), np.float64(0.0), np.float64(-0.018339298896067897))"
0.82,"(np.float64(0.0), np.float64(0.0), np.float64(-0.017374072638380124))"
0.83,"(np.float64(0.0), np.float64(0.0), np.float64(-0.016408846380692337))"
0.84,"(np.float64(0.0), np.float64(0.0), np.float64(-0.015443620123004553))"
0.85,"(np.float64(0.0), np.float64(0.0), np.float64(-0.014478393865316767))"
0.86,"(np.float64(0.0), np.float64(0.0), np.float64(-0.013513167607628981))"
0.87,"(np.float64(0.0), np.float64(0.0), np.float64(-0.012547941349941196))"
0.88,"(np.float64(0.0), np.float64(0.0), np.float64(-0.011582715092253412))"
0.89,"(np.float64(0.0), np.float64(0.0), np.float64(-0.010617488834565626))"
0.9,"(np.float64(0.0), np.float64(0.0), np.float64(-0.00965226257687784))"
0.91,"(np.float64(0.0), np.float64(0.0), np.float64(-0.008687036319190055))"
0.92,"(np.float64(0.0), np.float64(0.0), np.float64(-0.00772181006150227))"
0.93,"(np.float64(0.0), np.float64(0.0), np.float64(-0.0067565838038144855))"
0.94,"(np.float64(0.0), np.float64(0.0), np.float64(-0.005791357546126711))"
0.95,"(np.float64(0.0), np.float64(0.0), np.float64(-0.0048261312884389255))"
0.96,"(np.float64(0.0), np.float64(0.0), np.float64(-0.0038609050307511408))"
0.97,"(np.float64(0.0), np.float64(0.0), np.float64(-0.0028956787730633556))"
0.98,"(np.float64(0.0), np.float64(0.0), np.float64(-0.0019304525153755704))"
0.99,"(np.float64(0.0), np.float64(0.0), np.float64(-0.0009652262576877852))"
1.0,"(np.float64(0.0), np.float64(0.0), np.float64(0.0))"
1.01,"(np.float64(0.0), np.float64(0.0010535222277560994), np.float64(0.00011381975754837589))"
1.02,"(np.float64(0.0), np.float64(0.002107044455512199), np.float64(0.00022763951509675179))"
1.03,"(np.float64(0.0), np.float64(0.003160566683268298), np.float64(0.0003414592726451277))"
1.04,"(np.float64(0.0), np.float64(0.004214088911024398), np.float64(0.00045527903019350357))"
1.05,"(np.float64(0.0), np.float64(0.005267611138780497), np.float64(0.0005690987877418795))"
1.06,"(np.float64(0.0), np.float64(0.006321133366536596), np.float64(0.0006829185452902554))"
1.07,"(np.float64(0.0), np.float64(0.007374655594292696), np.float64(0.0007967383028386313))"
1.08,"(np.float64(0.0), np.float64(0.008428177822048796), np.float64(0.0009105580603870071))"
1.09,"(np.float64(0.0), np.float64(0.009481700049804894), np.float64(0.001024377817935383))"
1.1,"(np.float64(0.0), np.float64(0.010535222277560994), np.float64(0.001138197575483759))"
1.11,"(np.float64(0.0), np.float64(0.011588744505317094), np.float64(0.0012520173330321349))"
1.12,"(np.float64(0.0), np.float64(0.012642266733073192), np.float64(0.0013658370905805107))"
1.13,"(np.float64(0.0), np.float64(0.013695788960829292), np.float64(0.0014796568481288865))"
1.1400000000000001,"(np.float64(0.0), np.float64(0.014749311188585391), np.float64(0.0015934766056772626))"
1.15,"(np.float64(0.0), np.float64(0.015802833416341488), np.float64(0.0017072963632256382))"
1.16,"(np.float64(0.0), np.float64(0.01685635564409759), np.float64(0.0018211161207740143))"
1.17,"(np.float64(0.0), np.float64(0.01790987787185369), np.float64(0.0019349358783223903))"
1.18,"(np.float64(0.0), np.float64(0.018963400099609787), np.float64(0.002048755635870766))"
1.19,"(np.float64(0.0), np.float64(0.020016922327365887), np.float64(0.002162575393419142))"
1.2,"(np.float64(0.0), np.float64(0.021070444555121987), np.float64(0.002276395150967518))"
1.21,"(np.float64(0.0), np.float64(0.022123966782878084), np.float64(0.0023902149085158935))"
1.22,"(np.float64(0.0), np.float64(0.023177489010634187), np.float64(0.0025040346660642697))"
1.23,"(np.float64(0.0), np.float64(0.024231011238390287), np.float64(0.0026178544236126456))"
1.24,"(np.float64(0.0), np.float64(0.025284533466146383), np.float64(0.0027316741811610214))"
1.25,"(np.float64(0.0), np.float64(0.026338055693902483), np.float64(0.0028454939387093973))"
1.26,"(np.float64(0.0), np.float64(0.027391577921658583), np.float64(0.002959313696257773))"
1.27,"(np.float64(0.0), np.float64(0.028445100149414683), np.float64(0.0030731334538061494))"
1.28,"(np.float64(0.0), np.float64(0.029498622377170783), np.float64(0.003186953211354525))"
1.29,"(np.float64(0.0), np.float64(0.03055214460492688), np.float64(0.0033007729689029006))"
1.3,"(np.float64(0.0), np.float64(0.031605666832682976), np.float64(0.0034145927264512765))"
1.31,"(np.float64(0.0), np.float64(0.032659189060439076), np.float64(0.0035284124839996527))"
1.32,"(np.float64(0.0), np.float64(0.03371271128819518), np.float64(0.0036422322415480286))"
1.33,"(np.float64(0.0), np.float64(0.03476623351595128), np.float64(0.0037560519990964044))"
1.34,"(np.float64(0.0), np.float64(0.03581975574370738), np.float64(0.0038698717566447807))"
1.35,"(np.float64(0.0), np.float64(0.036873277971463475), np.float64(0.003983691514193156))"
1.3599999999999999,"(np.float64(0.0), np.float64(0.037926800199219575), np.float64(0.004097511271741532))"
1.37,"(np.float64(0.0), np.float64(0.038980322426975675), np.float64(0.004211331029289908))"
1.38,"(np.float64(0.0), np.float64(0.040033844654731775), np.float64(0.004325150786838284))"
1.3900000000000001,"(np.float64(0.0), np.float64(0.041087366882487875), np.float64(0.00443897054438666))"
1.4,"(np.float64(0.0), np.float64(0.042140889110243974), np.float64(0.004552790301935036))"
1.41,"(np.float64(0.0), np.float64(0.04319441133800007), np.float64(0.004666610059483411))"
1.42,"(np.float64(0.0), np.float64(0.04424793356575617), np.float64(0.004780429817031787))"
1.43,"(np.float64(0.0), np.float64(0.04530145579351227), np.float64(0.004894249574580163))"
1.44,"(np.float64(0.0), np.float64(0.046354978021268374), np.float64(0.0050080693321285395))"
1.45,"(np.float64(0.0), np.float64(0.047408500249024474), np.float64(0.005121889089676915))"
1.46,"(np.float64(0.0), np.float64(0.048462022476780574), np.float64(0.005235708847225291))"
1.47,"(np.float64(0.0), np.float64(0.04951554470453667), np.float64(0.005349528604773666))"
1.48,"(np.float64(0.0), np.float64(0.05056906693229277), np.float64(0.005463348362322043))"
1.49,"(np.float64(0.0), np.float64(0.051622589160048866), np.float64(0.005577168119870419))"
1.5,"(np.float64(0.0), np.float64(0.052676111387804966), np.float64(0.0056909878774187945))"
1.51,"(np.float64(0.0), np.float64(0.053729633615561066), np.float64(0.00580480763496717))"
1.52,"(np.float64(0.0), np.float64(0.054783155843317166), np.float64(0.005918627392515546))"
1.53,"(np.float64(0.0), np.float64(0.055836678071073266), np.float64(0.006032447150063923))"
1.54,"(np.float64(0.0), np.float64(0.056890200298829366), np.float64(0.006146266907612299))"
1.55,"(np.float64(0.0), np.float64(0.057943722526585466), np.float64(0.006260086665160675))"
1.56,"(np.float64(0.0), np.float64(0.058997244754341566), np.float64(0.00637390642270905))"
1.5699999999999998,"(np.float64(0.0), np.float64(0.06005076698209766), np.float64(0.006487726180257425))"
1.58,"(np.float64(0.0), np.float64(0.06110428920985376), np.float64(0.006601545937805801))"
1.5899999999999999,"(np.float64(0.0), np.float64(0.06215781143760986), np.float64(0.006715365695354177))"
1.6,"(np.float64(0.0), np.float64(0.06321133366536595), np.float64(0.006829185452902553))"
1.6099999999999999,"(np.float64(0.0), np.float64(0.06426485589312206), np.float64(0.006943005210450929))"
1.62,"(np.float64(0.0), np.float64(0.06531837812087815), np.float64(0.0070568249679993054))"
1.63,"(np.float64(0.0), np.float64(0.06637190034863426), np.float64(0.007170644725547681))"
1.6400000000000001,"(np.float64(0.0), np.float64(0.06742542257639036), np.float64(0.007284464483096057))"
1.65,"(np.float64(0.0), np.float64(0.06847894480414646), np.float64(0.007398284240644433))"
1.6600000000000001,"(np.float64(0.0), np.float64(0.06953246703190256), np.float64(0.007512103998192809))"
1.67,"(np.float64(0.0), np.float64(0.07058598925965866), np.float64(0.0076259237557411855))"
1.6800000000000002,"(np.float64(0.0), np.float64(0.07163951148741476), np.float64(0.007739743513289561))"
1.69,"(np.float64(0.0), np.float64(0.07269303371517084), np.float64(0.007853563270837936))"
1.7,"(np.float64(0.0), np.float64(0.07374655594292695), np.float64(0.007967383028386312))"
1.71,"(np.float64(0.0), np.float64(0.07480007817068304), np.float64(0.008081202785934688))"
1.72,"(np.float64(0.0), np.float64(0.07585360039843915), np.float64(0.008195022543483064))"
1.73,"(np.float64(0.0), np.float64(0.07690712262619524), np.float64(0.00830884230103144))"
1.74,"(np.float64(0.0), np.float64(0.07796064485395135), np.float64(0.008422662058579816))"
1.75,"(np.float64(0.0), np.float64(0.07901416708170744), np.float64(0.008536481816128191))"
1.76,"(np.float64(0.0), np.float64(0.08006768930946355), np.float64(0.008650301573676567))"
1.77,"(np.float64(0.0), np.float64(0.08112121153721966), np.float64(0.008764121331224943))"
1.78,"(np.float64(0.0), np.float64(0.08217473376497575), np.float64(0.00887794108877332))"
1.79,"(np.float64(0.0), np.float64(0.08322825599273186), np.float64(0.008991760846321696))"
1.8,"(np.float64(0.0), np.float64(0.08428177822048795), np.float64(0.009105580603870072))"
1.81,"(np.float64(0.0), np.float64(0.08533530044824406), np.float64(0.009219400361418448))"
1.8199999999999998,"(np.float64(0.0), np.float64(0.08638882267600013), np.float64(0.009333220118966822))"
1.83,"(np.float64(0.0), np.float64(0.08744234490375624), np.float64(0.009447039876515198))"
1.8399999999999999,"(np.float64(0.0), np.float64(0.08849586713151233), np.float64(0.009560859634063574))"
1.85,"(np.float64(0.0), np.float64(0.08954938935926844), np.float64(0.00967467939161195))"
1.8599999999999999,"(np.float64(0.0), np.float64(0.09060291158702453), np.float64(0.009788499149160326))"
1.87,"(np.float64(0.0), np.float64(0.09165643381478064), np.float64(0.009902318906708703))"
1.88,"(np.float64(0.0), np.float64(0.09270995604253675), np.float64(0.010016138664257079))"
1.8900000000000001,"(np.float64(0.0), np.float64(0.09376347827029284), np.float64(0.010129958421805455))"
1.9,"(np.float64(0.0), np.float64(0.09481700049804895), np.float64(0.01024377817935383))"
1.9100000000000001,"(np.float64(0.0), np.float64(0.09587052272580504), np.float64(0.010357597936902206))"
1.92,"(np.float64(0.0), np.float64(0.09692404495356115), np.float64(0.010471417694450582))"
1.9300000000000002,"(np.float64(0.0), np.float64(0.09797756718131724), np.float64(0.010585237451998958))"
1.94,"(np.float64(0.0), np.float64(0.09903108940907333), np.float64(0.010699057209547332))"
1.95,"(np.float64(0.0), np.float64(0.10008461163682943), np.float64(0.01081287696709571))"
1.96,"(np.float64(0.0), np.float64(0.10113813386458553), np.float64(0.010926696724644086))"
1.97,"(np.float64(0.0), np.float64(0.10219165609234163), np.float64(0.011040516482192462))"
1.98,"(np.float64(0.0), np.float64(0.10324517832009773), np.float64(0.011154336239740837))"
1.99,"(np.float64(0.0), np.float64(0.10429870054785383), np.float64(0.011268155997289213))"
2.0,"(np.float64(0.0), np.float64(0.10535222277560993), np.float64(0.011381975754837589))"
2.0,"(np.float64(0.0), np.float64(0.10535222277560993), np.float64(-0.08514065001394085))"
2.01,"(np.float64(0.0), np.float64(0.10429870054785383), np.float64(-0.08428924351380143))"
2.02,"(np.float64(0.0), np.float64(0.10324517832009773), np.float64(-0.08343783701366203))"
2.03,"(np.float64(0.0), np.float64(0.10219165609234163), np.float64(-0.08258643051352262))"
2.04,"(np.float64(0.0), np.float64(0.10113813386458553), np.float64(-0.08173502401338321))"
2.05,"(np.float64(0.0), np.float64(0.10008461163682943), np.float64(-0.0808836175132438))"
2.06,"(np.float64(0.0), np.float64(0.09903108940907333), np.float64(-0.08003221101310438))"
2.07,"(np.float64(0.0), np.float64(0.09797756718131723), np.float64(-0.07918080451296498))"
2.08,"(np.float64(0.0), np.float64(0.09692404495356115), np.float64(-0.07832939801282558))"
2.09,"(np.float64(0.0), np.float64(0.09587052272580504), np.float64(-0.07747799151268617))"
2.1,"(np.float64(0.0), np.float64(0.09481700049804895), np.float64(-0.07662658501254677))"
2.11,"(np.float64(0.0), np.float64(0.09376347827029284), np.float64(-0.07577517851240735))"
2.12,"(np.float64(0.0), np.float64(0.09270995604253675), np.float64(-0.07492377201226795))"
2.13,"(np.float64(0.0), np.float64(0.09165643381478064), np.float64(-0.07407236551212854))"
2.14,"(np.float64(0.0), np.float64(0.09060291158702453), np.float64(-0.07322095901198912))"
2.15,"(np.float64(0.0), np.float64(0.08954938935926844), np.float64(-0.07236955251184972))"
2.16,"(np.float64(0.0), np.float64(0.08849586713151233), np.float64(-0.0715181460117103))"
2.17,"(np.float64(0.0), np.float64(0.08744234490375624), np.float64(-0.0706667395115709))"
2.18,"(np.float64(0.0), np.float64(0.08638882267600015), np.float64(-0.0698153330114315))"
2.19,"(np.float64(0.0), np.float64(0.08533530044824406), np.float64(-0.06896392651129209))"
2.2,"(np.float64(0.0), np.float64(0.08428177822048795), np.float64(-0.06811252001115269))"
2.21,"(np.float64(0.0), np.float64(0.08322825599273186), np.float64(-0.06726111351101327))"
2.22,"(np.float64(0.0), np.float64(0.08217473376497575), np.float64(-0.06640970701087387))"
2.23,"(np.float64(0.0), np.float64(0.08112121153721966), np.float64(-0.06555830051073445))"
2.24,"(np.float64(0.0), np.float64(0.08006768930946355), np.float64(-0.06470689401059504))"
2.25,"(np.float64(0.0), np.float64(0.07901416708170744), np.float64(-0.06385548751045564))"
2.26,"(np.float64(0.0), np.float64(0.07796064485395135), np.float64(-0.06300408101031622))"
2.27,"(np.float64(0.0), np.float64(0.07690712262619524), np.float64(-0.062152674510176815))"
2.2800000000000002,"(np.float64(0.0), np.float64(0.07585360039843915), np.float64(-0.06130126801003741))"
2.29,"(np.float64(0.0), np.float64(0.07480007817068304), np.float64(-0.060449861509898))"
2.3,"(np.float64(0.0), np.float64(0.07374655594292695), np.float64(-0.05959845500975859))"
2.31,"(np.float64(0.0), np.float64(0.07269303371517084), np.float64(-0.058747048509619176))"
2.32,"(np.float64(0.0), np.float64(0.07163951148741475), np.float64(-0.05789564200947977))"
2.33,"(np.float64(0.0), np.float64(0.07058598925965864), np.float64(-0.05704423550934036))"
2.34,"(np.float64(0.0), np.float64(0.06953246703190255), np.float64(-0.05619282900920095))"
2.35,"(np.float64(0.0), np.float64(0.06847894480414646), np.float64(-0.05534142250906155))"
2.36,"(np.float64(0.0), np.float64(0.06742542257639036), np.float64(-0.05449001600892214))"
2.37,"(np.float64(0.0), np.float64(0.06637190034863426), np.float64(-0.053638609508782735))"
2.38,"(np.float64(0.0), np.float64(0.06531837812087815), np.float64(-0.05278720300864333))"
2.39,"(np.float64(0.0), np.float64(0.06426485589312206), np.float64(-0.05193579650850391))"
2.4,"(np.float64(0.0), np.float64(0.06321133366536595), np.float64(-0.051084390008364504))"
2.41,"(np.float64(0.0), np.float64(0.062157811437609865), np.float64(-0.05023298350822511))"
2.42,"(np.float64(0.0), np.float64(0.061104289209853765), np.float64(-0.049381577008085695))"
2.43,"(np.float64(0.0), np.float64(0.060050766982097666), np.float64(-0.04853017050794629))"
2.44,"(np.float64(0.0), np.float64(0.058997244754341566), np.float64(-0.04767876400780688))"
2.45,"(np.float64(0.0), np.float64(0.057943722526585466), np.float64(-0.04682735750766747))"
2.46,"(np.float64(0.0), np.float64(0.056890200298829366), np.float64(-0.04597595100752806))"
2.4699999999999998,"(np.float64(0.0), np.float64(0.055836678071073266), np.float64(-0.045124544507388654))"
2.48,"(np.float64(0.0), np.float64(0.054783155843317166), np.float64(-0.04427313800724924))"
2.49,"(np.float64(0.0), np.float64(0.053729633615561066), np.float64(-0.04342173150710983))"
2.5,"(np.float64(0.0), np.float64(0.052676111387804966), np.float64(-0.04257032500697042))"
2.51,"(np.float64(0.0), np.float64(0.051622589160048866), np.float64(-0.041718918506831015))"
2.52,"(np.float64(0.0), np.float64(0.05056906693229277), np.float64(-0.04086751200669161))"
2.5300000000000002,"(np.float64(0.0), np.float64(0.04951554470453667), np.float64(-0.04001610550655219))"
2.54,"(np.float64(0.0), np.float64(0.04846202247678057), np.float64(-0.039164699006412784))"
2.55,"(np.float64(0.0), np.float64(0.04740850024902447), np.float64(-0.038313292506273376))"
2.56,"(np.float64(0.0), np.float64(0.04635497802126837), np.float64(-0.03746188600613397))"
2.57,"(np.float64(0.0), np.float64(0.045301455793512274), np.float64(-0.03661047950599457))"
2.58,"(np.float64(0.0), np.float64(0.044247933565756174), np.float64(-0.03575907300585516))"
2.59,"(np.float64(0.0), np.float64(0.043194411338000074), np.float64(-0.03490766650571575))"
2.6,"(np.float64(0.0), np.float64(0.042140889110243974), np.float64(-0.03405626000557634))"
2.61,"(np.float64(0.0), np.float64(0.041087366882487875), np.float64(-0.033204853505436935))"
2.62,"(np.float64(0.0), np.float64(0.040033844654731775), np.float64(-0.03235344700529752))"
2.63,"(np.float64(0.0), np.float64(0.038980322426975675), np.float64(-0.03150204050515811))"
2.64,"(np.float64(0.0), np.float64(0.037926800199219575), np.float64(-0.030650634005018704))"
2.65,"(np.float64(0.0), np.float64(0.036873277971463475), np.float64(-0.029799227504879296))"
2.66,"(np.float64(0.0), np.float64(0.035819755743707375), np.float64(-0.028947821004739884))"
2.67,"(np.float64(0.0), np.float64(0.034766233515951275), np.float64(-0.028096414504600476))"
2.68,"(np.float64(0.0), np.float64(0.033712711288195175), np.float64(-0.027245008004461068))"
2.69,"(np.float64(0.0), np.float64(0.03265918906043908), np.float64(-0.026393601504321667))"
2.7,"(np.float64(0.0), np.float64(0.03160566683268298), np.float64(-0.02554219500418226))"
2.71,"(np.float64(0.0), np.float64(0.030552144604926883), np.float64(-0.024690788504042847))"
2.7199999999999998,"(np.float64(0.0), np.float64(0.029498622377170783), np.float64(-0.02383938200390344))"
2.73,"(np.float64(0.0), np.float64(0.028445100149414683), np.float64(-0.02298797550376403))"
2.74,"(np.float64(0.0), np.float64(0.027391577921658583), np.float64(-0.02213656900362462))"
2.75,"(np.float64(0.0), np.float64(0.026338055693902483), np.float64(-0.02128516250348521))"
2.76,"(np.float64(0.0), np.float64(0.025284533466146383), np.float64(-0.020433756003345804))"
2.77,"(np.float64(0.0), np.float64(0.024231011238390283), np.float64(-0.019582349503206392))"
2.7800000000000002,"(np.float64(0.0), np.float64(0.023177489010634184), np.float64(-0.018730943003066984))"
2.79,"(np.float64(0.0), np.float64(0.022123966782878084), np.float64(-0.017879536502927576))"
2.8,"(np.float64(0.0), np.float64(0.02107044455512198), np.float64(-0.017028130002788164))"
2.81,"(np.float64(0.0), np.float64(0.02001692232736588), np.float64(-0.016176723502648756))"
2.82,"(np.float64(0.0), np.float64(0.018963400099609794), np.float64(-0.015325317002509357))"
2.83,"(np.float64(0.0), np.float64(0.01790987787185369), np.float64(-0.014473910502369947))"
2.84,"(np.float64(0.0), np.float64(0.01685635564409759), np.float64(-0.013622504002230537))"
2.85,"(np.float64(0.0), np.float64(0.01580283341634149), np.float64(-0.01277109750209113))"
2.86,"(np.float64(0.0), np.float64(0.014749311188585391), np.float64(-0.01191969100195172))"
2.87,"(np.float64(0.0), np.float64(0.013695788960829292), np.float64(-0.01106828450181231))"
2.88,"(np.float64(0.0), np.float64(0.012642266733073192), np.float64(-0.010216878001672902))"
2.89,"(np.float64(0.0), np.float64(0.011588744505317092), np.float64(-0.009365471501533492))"
2.9,"(np.float64(0.0), np.float64(0.01053522227756099), np.float64(-0.008514065001394082))"
2.91,"(np.float64(0.0), np.float64(0.00948170004980489), np.float64(-0.007662658501254673))"
2.92,"(np.float64(0.0), np.float64(0.00842817782204879), np.float64(-0.006811252001115264))"
2.93,"(np.float64(0.0), np.float64(0.0073746555942926905), np.float64(-0.0059598455009758555))"
2.94,"(np.float64(0.0), np.float64(0.006321133366536602), np.float64(-0.005108439000836455))"
2.95,"(np.float64(0.0), np.float64(0.005267611138780501), np.float64(-0.004257032500697046))"
2.96,"(np.float64(0.0), np.float64(0.004214088911024401), np.float64(-0.003405626000557637))"
2.9699999999999998,"(np.float64(0.0), np.float64(0.003160566683268301), np.float64(-0.0025542195004182276))"
2.98,"(np.float64(0.0), np.float64(0.0021070444555122006), np.float64(-0.0017028130002788185))"
2.99,"(np.float64(0.0), np.float64(0.0010535222277561003), np.float64(-0.0008514065001394092))"
3.0,"(np.float64(0.0), np.float64(0.0), np.float64(0.0))"
3.01,"(np.float64(0.001145563248829417), np.float64(-0.0005935428408411214), np.float64(0.0003205115086154399))"
3.02,"(np.float64(0.002291126497658834), np.float64(-0.0011870856816822428), np.float64(0.0006410230172308798))"
3.03,"(np.float64(0.0034366897464882507), np.float64(-0.0017806285225233642), np.float64(0.0009615345258463196))"
3.04,"(np.float64(0.004582252995317668), np.float64(-0.0023741713633644856), np.float64(0.0012820460344617596))"
3.05,"(np.float64(0.005727816244147085), np.float64(-0.002967714204205607), np.float64(0.0016025575430771996))"
3.06,"(np.float64(0.006873379492976501), np.float64(-0.0035612570450467285), np.float64(0.0019230690516926392))"
3.07,"(np.float64(0.00801894274180592), np.float64(-0.00415479988588785), np.float64(0.0022435805603080797))"
3.08,"(np.float64(0.009164505990635336), np.float64(-0.004748342726728971), np.float64(0.0025640920689235193))"
3.09,"(np.float64(0.010310069239464752), np.float64(-0.005341885567570093), np.float64(0.002884603577538959))"
3.1,"(np.float64(0.01145563248829417), np.float64(-0.005935428408411214), np.float64(0.0032051150861543993))"
3.11,"(np.float64(0.012601195737123587), np.float64(-0.0065289712492523355), np.float64(0.003525626594769839))"
3.12,"(np.float64(0.013746758985953003), np.float64(-0.007122514090093457), np.float64(0.0038461381033852785))"
3.13,"(np.float64(0.01489232223478242), np.float64(-0.007716056930934578), np.float64(0.004166649612000719))"
3.14,"(np.float64(0.01603788548361184), np.float64(-0.0083095997717757), np.float64(0.004487161120616159))"
3.15,"(np.float64(0.017183448732441254), np.float64(-0.008903142612616821), np.float64(0.004807672629231598))"
3.16,"(np.float64(0.01832901198127067), np.float64(-0.009496685453457943), np.float64(0.0051281841378470385))"
3.17,"(np.float64(0.01947457523010009), np.float64(-0.010090228294299064), np.float64(0.005448695646462479))"
3.18,"(np.float64(0.020620138478929503), np.float64(-0.010683771135140185), np.float64(0.005769207155077918))"
3.19,"(np.float64(0.02176570172775892), np.float64(-0.011277313975981307), np.float64(0.006089718663693358))"
3.2,"(np.float64(0.02291126497658834), np.float64(-0.011870856816822428), np.float64(0.006410230172308799))"
3.21,"(np.float64(0.024056828225417756), np.float64(-0.01246439965766355), np.float64(0.006730741680924237))"
3.22,"(np.float64(0.025202391474247174), np.float64(-0.013057942498504671), np.float64(0.007051253189539678))"
3.23,"(np.float64(0.02634795472307659), np.float64(-0.013651485339345792), np.float64(0.007371764698155118))"
3.24,"(np.float64(0.027493517971906006), np.float64(-0.014245028180186914), np.float64(0.007692276206770557))"
3.25,"(np.float64(0.028639081220735423), np.float64(-0.014838571021028035), np.float64(0.008012787715385997))"
3.26,"(np.float64(0.02978464446956484), np.float64(-0.015432113861869157), np.float64(0.008333299224001438))"
3.27,"(np.float64(0.03093020771839426), np.float64(-0.016025656702710278), np.float64(0.008653810732616878))"
3.2800000000000002,"(np.float64(0.03207577096722368), np.float64(-0.0166191995435514), np.float64(0.008974322241232319))"
3.29,"(np.float64(0.03322133421605309), np.float64(-0.01721274238439252), np.float64(0.009294833749847756))"
3.3,"(np.float64(0.03436689746488251), np.float64(-0.017806285225233642), np.float64(0.009615345258463196))"
3.31,"(np.float64(0.035512460713711926), np.float64(-0.018399828066074764), np.float64(0.009935856767078637))"
3.32,"(np.float64(0.03665802396254134), np.float64(-0.018993370906915885), np.float64(0.010256368275694077))"
3.33,"(np.float64(0.03780358721137076), np.float64(-0.019586913747757007), np.float64(0.010576879784309517))"
3.34,"(np.float64(0.03894915046020018), np.float64(-0.020180456588598128), np.float64(0.010897391292924958))"
3.35,"(np.float64(0.04009471370902959), np.float64(-0.02077399942943925), np.float64(0.011217902801540395))"
3.36,"(np.float64(0.04124027695785901), np.float64(-0.02136754227028037), np.float64(0.011538414310155835))"
3.37,"(np.float64(0.042385840206688424), np.float64(-0.021961085111121492), np.float64(0.011858925818771276))"
3.38,"(np.float64(0.04353140345551784), np.float64(-0.022554627951962614), np.float64(0.012179437327386716))"
3.39,"(np.float64(0.04467696670434726), np.float64(-0.023148170792803735), np.float64(0.012499948836002157))"
3.4,"(np.float64(0.04582252995317668), np.float64(-0.023741713633644856), np.float64(0.012820460344617597))"
3.41,"(np.float64(0.04696809320200609), np.float64(-0.024335256474485978), np.float64(0.013140971853233034))"
3.42,"(np.float64(0.04811365645083551), np.float64(-0.0249287993153271), np.float64(0.013461483361848475))"
3.43,"(np.float64(0.04925921969966493), np.float64(-0.02552234215616822), np.float64(0.013781994870463915))"
3.44,"(np.float64(0.05040478294849435), np.float64(-0.026115884997009342), np.float64(0.014102506379079355))"
3.45,"(np.float64(0.051550346197323765), np.float64(-0.026709427837850463), np.float64(0.014423017887694796))"
3.46,"(np.float64(0.05269590944615318), np.float64(-0.027302970678691585), np.float64(0.014743529396310236))"
3.4699999999999998,"(np.float64(0.053841472694982594), np.float64(-0.027896513519532706), np.float64(0.015064040904925673))"
3.48,"(np.float64(0.05498703594381201), np.float64(-0.028490056360373828), np.float64(0.015384552413541114))"
3.49,"(np.float64(0.05613259919264143), np.float64(-0.02908359920121495), np.float64(0.015705063922156554))"
3.5,"(np.float64(0.057278162441470847), np.float64(-0.02967714204205607), np.float64(0.016025575430771995))"
3.51,"(np.float64(0.058423725690300264), np.float64(-0.030270684882897192), np.float64(0.016346086939387435))"
3.52,"(np.float64(0.05956928893912968), np.float64(-0.030864227723738313), np.float64(0.016666598448002876))"
3.5300000000000002,"(np.float64(0.0607148521879591), np.float64(-0.031457770564579435), np.float64(0.016987109956618316))"
3.54,"(np.float64(0.06186041543678852), np.float64(-0.032051313405420556), np.float64(0.017307621465233756))"
3.55,"(np.float64(0.06300597868561794), np.float64(-0.03264485624626168), np.float64(0.017628132973849197))"
3.56,"(np.float64(0.06415154193444736), np.float64(-0.0332383990871028), np.float64(0.017948644482464637))"
3.57,"(np.float64(0.06529710518327676), np.float64(-0.03383194192794392), np.float64(0.01826915599108007))"
3.58,"(np.float64(0.06644266843210618), np.float64(-0.03442548476878504), np.float64(0.01858966749969551))"
3.59,"(np.float64(0.0675882316809356), np.float64(-0.03501902760962616), np.float64(0.018910179008310952))"
3.6,"(np.float64(0.06873379492976502), np.float64(-0.035612570450467285), np.float64(0.019230690516926392))"
3.61,"(np.float64(0.06987935817859443), np.float64(-0.036206113291308406), np.float64(0.019551202025541833))"
3.62,"(np.float64(0.07102492142742385), np.float64(-0.03679965613214953), np.float64(0.019871713534157273))"
3.63,"(np.float64(0.07217048467625327), np.float64(-0.03739319897299065), np.float64(0.020192225042772714))"
3.64,"(np.float64(0.07331604792508269), np.float64(-0.03798674181383177), np.float64(0.020512736551388154))"
3.65,"(np.float64(0.0744616111739121), np.float64(-0.03858028465467289), np.float64(0.020833248060003594))"
3.66,"(np.float64(0.07560717442274152), np.float64(-0.03917382749551401), np.float64(0.021153759568619035))"
3.67,"(np.float64(0.07675273767157094), np.float64(-0.039767370336355135), np.float64(0.021474271077234475))"
3.68,"(np.float64(0.07789830092040036), np.float64(-0.040360913177196256), np.float64(0.021794782585849916))"
3.69,"(np.float64(0.07904386416922976), np.float64(-0.04095445601803738), np.float64(0.02211529409446535))"
3.7,"(np.float64(0.08018942741805918), np.float64(-0.0415479988588785), np.float64(0.02243580560308079))"
3.71,"(np.float64(0.0813349906668886), np.float64(-0.04214154169971962), np.float64(0.02275631711169623))"
3.7199999999999998,"(np.float64(0.08248055391571801), np.float64(-0.04273508454056074), np.float64(0.02307682862031167))"
3.73,"(np.float64(0.08362611716454743), np.float64(-0.04332862738140186), np.float64(0.02339734012892711))"
3.74,"(np.float64(0.08477168041337685), np.float64(-0.043922170222242984), np.float64(0.02371785163754255))"
3.75,"(np.float64(0.08591724366220627), np.float64(-0.044515713063084106), np.float64(0.024038363146157992))"
3.76,"(np.float64(0.08706280691103568), np.float64(-0.04510925590392523), np.float64(0.024358874654773432))"
3.77,"(np.float64(0.0882083701598651), np.float64(-0.04570279874476635), np.float64(0.024679386163388873))"
3.7800000000000002,"(np.float64(0.08935393340869452), np.float64(-0.04629634158560747), np.float64(0.024999897672004313))"
3.79,"(np.float64(0.09049949665752394), np.float64(-0.04688988442644859), np.float64(0.025320409180619754))"
3.8,"(np.float64(0.09164505990635335), np.float64(-0.04748342726728971), np.float64(0.025640920689235194))"
3.81,"(np.float64(0.09279062315518277), np.float64(-0.048076970108130834), np.float64(0.025961432197850635))"
3.82,"(np.float64(0.09393618640401218), np.float64(-0.048670512948971956), np.float64(0.026281943706466068))"
3.83,"(np.float64(0.09508174965284161), np.float64(-0.04926405578981308), np.float64(0.02660245521508151))"
3.84,"(np.float64(0.09622731290167102), np.float64(-0.0498575986306542), np.float64(0.02692296672369695))"
3.85,"(np.float64(0.09737287615050044), np.float64(-0.05045114147149532), np.float64(0.02724347823231239))"
3.86,"(np.float64(0.09851843939932986), np.float64(-0.05104468431233644), np.float64(0.02756398974092783))"
3.87,"(np.float64(0.09966400264815928), np.float64(-0.05163822715317756), np.float64(0.02788450124954327))"
3.88,"(np.float64(0.1008095658969887), np.float64(-0.052231769994018684), np.float64(0.02820501275815871))"
3.89,"(np.float64(0.10195512914581811), np.float64(-0.052825312834859806), np.float64(0.02852552426677415))"
3.9,"(np.float64(0.10310069239464753), np.float64(-0.05341885567570093), np.float64(0.028846035775389592))"
3.91,"(np.float64(0.10424625564347695), np.float64(-0.05401239851654205), np.float64(0.029166547284005032))"
3.92,"(np.float64(0.10539181889230637), np.float64(-0.05460594135738317), np.float64(0.029487058792620473))"
3.93,"(np.float64(0.10653738214113578), np.float64(-0.05519948419822429), np.float64(0.029807570301235913))"
3.94,"(np.float64(0.10768294538996519), np.float64(-0.05579302703906541), np.float64(0.030128081809851347))"
3.95,"(np.float64(0.1088285086387946), np.float64(-0.056386569879906534), np.float64(0.030448593318466787))"
3.96,"(np.float64(0.10997407188762402), np.float64(-0.056980112720747655), np.float64(0.030769104827082228))"
3.9699999999999998,"(np.float64(0.11111963513645344), np.float64(-0.05757365556158878), np.float64(0.031089616335697668))"
3.98,"(np.float64(0.11226519838528286), np.float64(-0.0581671984024299), np.float64(0.03141012784431311))"
3.99,"(np.float64(0.11341076163411228), np.float64(-0.05876074124327102), np.float64(0.03173063935292855))"
4.0,"(np.float64(0.11455632488294169), np.float64(-0.05935428408411214), np.float64(0.03205115086154399))"
4.0,"(np.float64(0.11455632488294169), np.float64(-0.05935428408411214), np.float64(-0.06447147490723444))"
4.01,"(np.float64(0.11341076163411228), np.float64(-0.05876074124327102), np.float64(-0.06382676015816209))"
4.02,"(np.float64(0.11226519838528286), np.float64(-0.0581671984024299), np.float64(-0.06318204540908975))"
4.03,"(np.float64(0.11111963513645344), np.float64(-0.05757365556158878), np.float64(-0.0625373306600174))"
4.04,"(np.float64(0.10997407188762402), np.float64(-0.056980112720747655), np.float64(-0.06189261591094506))"
4.05,"(np.float64(0.1088285086387946), np.float64(-0.056386569879906534), np.float64(-0.06124790116187272))"
4.06,"(np.float64(0.10768294538996519), np.float64(-0.05579302703906541), np.float64(-0.060603186412800374))"
4.07,"(np.float64(0.10653738214113577), np.float64(-0.055199484198224284), np.float64(-0.05995847166372802))"
4.08,"(np.float64(0.10539181889230637), np.float64(-0.05460594135738317), np.float64(-0.05931375691465569))"
4.09,"(np.float64(0.10424625564347695), np.float64(-0.05401239851654205), np.float64(-0.05866904216558334))"
4.1,"(np.float64(0.10310069239464753), np.float64(-0.05341885567570093), np.float64(-0.058024327416511))"
4.11,"(np.float64(0.10195512914581811), np.float64(-0.052825312834859806), np.float64(-0.057379612667438656))"
4.12,"(np.float64(0.1008095658969887), np.float64(-0.052231769994018684), np.float64(-0.056734897918366306))"
4.13,"(np.float64(0.09966400264815928), np.float64(-0.05163822715317756), np.float64(-0.05609018316929396))"
4.14,"(np.float64(0.09851843939932986), np.float64(-0.05104468431233644), np.float64(-0.05544546842022162))"
4.15,"(np.float64(0.09737287615050044), np.float64(-0.05045114147149532), np.float64(-0.054800753671149276))"
4.16,"(np.float64(0.09622731290167102), np.float64(-0.0498575986306542), np.float64(-0.054156038922076925))"
4.17,"(np.float64(0.09508174965284161), np.float64(-0.04926405578981308), np.float64(-0.05351132417300458))"
4.18,"(np.float64(0.09393618640401219), np.float64(-0.04867051294897196), np.float64(-0.052866609423932245))"
4.19,"(np.float64(0.09279062315518277), np.float64(-0.048076970108130834), np.float64(-0.0522218946748599))"
4.2,"(np.float64(0.09164505990635335), np.float64(-0.04748342726728971), np.float64(-0.05157717992578756))"
4.21,"(np.float64(0.09049949665752394), np.float64(-0.04688988442644859), np.float64(-0.05093246517671521))"
4.22,"(np.float64(0.08935393340869452), np.float64(-0.04629634158560747), np.float64(-0.050287750427642865))"
4.23,"(np.float64(0.0882083701598651), np.float64(-0.04570279874476635), np.float64(-0.04964303567857052))"
4.24,"(np.float64(0.08706280691103568), np.float64(-0.04510925590392523), np.float64(-0.04899832092949818))"
4.25,"(np.float64(0.08591724366220627), np.float64(-0.044515713063084106), np.float64(-0.048353606180425834))"
4.26,"(np.float64(0.08477168041337685), np.float64(-0.043922170222242984), np.float64(-0.047708891431353484))"
4.27,"(np.float64(0.08362611716454743), np.float64(-0.04332862738140186), np.float64(-0.04706417668228114))"
4.28,"(np.float64(0.08248055391571801), np.float64(-0.04273508454056074), np.float64(-0.0464194619332088))"
4.29,"(np.float64(0.0813349906668886), np.float64(-0.04214154169971962), np.float64(-0.045774747184136454))"
4.3,"(np.float64(0.08018942741805918), np.float64(-0.0415479988588785), np.float64(-0.0451300324350641))"
4.31,"(np.float64(0.07904386416922976), np.float64(-0.04095445601803738), np.float64(-0.04448531768599176))"
4.32,"(np.float64(0.07789830092040034), np.float64(-0.04036091317719625), np.float64(-0.043840602936919416))"
4.33,"(np.float64(0.07675273767157093), np.float64(-0.03976737033635513), np.float64(-0.04319588818784707))"
4.34,"(np.float64(0.07560717442274151), np.float64(-0.039173827495514006), np.float64(-0.04255117343877472))"
4.35,"(np.float64(0.0744616111739121), np.float64(-0.03858028465467289), np.float64(-0.041906458689702386))"
4.36,"(np.float64(0.07331604792508269), np.float64(-0.03798674181383177), np.float64(-0.04126174394063004))"
4.37,"(np.float64(0.07217048467625327), np.float64(-0.03739319897299065), np.float64(-0.0406170291915577))"
4.38,"(np.float64(0.07102492142742385), np.float64(-0.03679965613214953), np.float64(-0.039972314442485356))"
4.39,"(np.float64(0.06987935817859443), np.float64(-0.036206113291308406), np.float64(-0.039327599693413005))"
4.4,"(np.float64(0.06873379492976502), np.float64(-0.035612570450467285), np.float64(-0.03868288494434066))"
4.41,"(np.float64(0.06758823168093561), np.float64(-0.03501902760962617), np.float64(-0.038038170195268325))"
4.42,"(np.float64(0.0664426684321062), np.float64(-0.03442548476878505), np.float64(-0.03739345544619598))"
4.43,"(np.float64(0.06529710518327678), np.float64(-0.03383194192794393), np.float64(-0.03674874069712364))"
4.44,"(np.float64(0.06415154193444736), np.float64(-0.0332383990871028), np.float64(-0.03610402594805129))"
4.45,"(np.float64(0.06300597868561794), np.float64(-0.03264485624626168), np.float64(-0.035459311198978945))"
4.46,"(np.float64(0.06186041543678852), np.float64(-0.032051313405420556), np.float64(-0.0348145964499066))"
4.47,"(np.float64(0.0607148521879591), np.float64(-0.031457770564579435), np.float64(-0.03416988170083426))"
4.48,"(np.float64(0.05956928893912968), np.float64(-0.030864227723738313), np.float64(-0.03352516695176191))"
4.49,"(np.float64(0.058423725690300264), np.float64(-0.030270684882897192), np.float64(-0.032880452202689564))"
4.5,"(np.float64(0.057278162441470847), np.float64(-0.02967714204205607), np.float64(-0.03223573745361722))"
4.51,"(np.float64(0.05613259919264143), np.float64(-0.02908359920121495), np.float64(-0.03159102270454488))"
4.52,"(np.float64(0.05498703594381201), np.float64(-0.028490056360373828), np.float64(-0.03094630795547253))"
4.53,"(np.float64(0.053841472694982594), np.float64(-0.027896513519532706), np.float64(-0.030301593206400187))"
4.54,"(np.float64(0.052695909446153176), np.float64(-0.02730297067869158), np.float64(-0.02965687845732784))"
4.55,"(np.float64(0.05155034619732376), np.float64(-0.02670942783785046), np.float64(-0.029012163708255496))"
4.5600000000000005,"(np.float64(0.05040478294849434), np.float64(-0.02611588499700934), np.float64(-0.02836744895918315))"
4.57,"(np.float64(0.04925921969966494), np.float64(-0.025522342156168224), np.float64(-0.027722734210110813))"
4.58,"(np.float64(0.04811365645083551), np.float64(-0.024928799315327103), np.float64(-0.02707801946103847))"
4.59,"(np.float64(0.046968093202006095), np.float64(-0.02433525647448598), np.float64(-0.026433304711966123))"
4.6,"(np.float64(0.04582252995317668), np.float64(-0.023741713633644856), np.float64(-0.02578858996289378))"
4.61,"(np.float64(0.04467696670434726), np.float64(-0.023148170792803735), np.float64(-0.025143875213821432))"
4.62,"(np.float64(0.04353140345551784), np.float64(-0.022554627951962614), np.float64(-0.02449916046474909))"
4.63,"(np.float64(0.042385840206688424), np.float64(-0.021961085111121492), np.float64(-0.023854445715676742))"
4.64,"(np.float64(0.04124027695785901), np.float64(-0.02136754227028037), np.float64(-0.0232097309666044))"
4.65,"(np.float64(0.04009471370902959), np.float64(-0.02077399942943925), np.float64(-0.02256501621753205))"
4.66,"(np.float64(0.03894915046020017), np.float64(-0.020180456588598124), np.float64(-0.021920301468459708))"
4.67,"(np.float64(0.037803587211370754), np.float64(-0.019586913747757003), np.float64(-0.02127558671938736))"
4.68,"(np.float64(0.036658023962541336), np.float64(-0.01899337090691588), np.float64(-0.020630871970315018))"
4.6899999999999995,"(np.float64(0.03551246071371193), np.float64(-0.018399828066074767), np.float64(-0.01998615722124268))"
4.7,"(np.float64(0.034366897464882515), np.float64(-0.017806285225233646), np.float64(-0.019341442472170334))"
4.71,"(np.float64(0.0332213342160531), np.float64(-0.017212742384392524), np.float64(-0.01869672772309799))"
4.72,"(np.float64(0.03207577096722368), np.float64(-0.0166191995435514), np.float64(-0.018052012974025644))"
4.73,"(np.float64(0.03093020771839426), np.float64(-0.016025656702710278), np.float64(-0.0174072982249533))"
4.74,"(np.float64(0.02978464446956484), np.float64(-0.015432113861869157), np.float64(-0.016762583475880954))"
4.75,"(np.float64(0.028639081220735423), np.float64(-0.014838571021028035), np.float64(-0.01611786872680861))"
4.76,"(np.float64(0.027493517971906006), np.float64(-0.014245028180186914), np.float64(-0.015473153977736265))"
4.77,"(np.float64(0.026347954723076588), np.float64(-0.01365148533934579), np.float64(-0.01482843922866392))"
4.78,"(np.float64(0.02520239147424717), np.float64(-0.01305794249850467), np.float64(-0.014183724479591575))"
4.79,"(np.float64(0.024056828225417753), np.float64(-0.012464399657663548), np.float64(-0.01353900973051923))"
4.8,"(np.float64(0.022911264976588335), np.float64(-0.011870856816822425), np.float64(-0.012894294981446886))"
4.8100000000000005,"(np.float64(0.021765701727758914), np.float64(-0.011277313975981303), np.float64(-0.012249580232374541))"
4.82,"(np.float64(0.02062013847892951), np.float64(-0.010683771135140189), np.float64(-0.011604865483302203))"
4.83,"(np.float64(0.019474575230100093), np.float64(-0.010090228294299066), np.float64(-0.010960150734229858))"
4.84,"(np.float64(0.018329011981270675), np.float64(-0.009496685453457944), np.float64(-0.010315435985157512))"
4.85,"(np.float64(0.017183448732441257), np.float64(-0.008903142612616823), np.float64(-0.009670721236085167))"
4.86,"(np.float64(0.01603788548361184), np.float64(-0.0083095997717757), np.float64(-0.009026006487012822))"
4.87,"(np.float64(0.01489232223478242), np.float64(-0.007716056930934578), np.float64(-0.008381291737940477))"
4.88,"(np.float64(0.013746758985953003), np.float64(-0.007122514090093457), np.float64(-0.0077365769888681326))"
4.89,"(np.float64(0.012601195737123585), np.float64(-0.006528971249252335), np.float64(-0.007091862239795787))"
4.9,"(np.float64(0.011455632488294168), np.float64(-0.005935428408411212), np.float64(-0.006447147490723443))"
4.91,"(np.float64(0.010310069239464748), np.float64(-0.005341885567570091), np.float64(-0.005802432741651098))"
4.92,"(np.float64(0.00916450599063533), np.float64(-0.004748342726728969), np.float64(-0.005157717992578753))"
4.93,"(np.float64(0.008018942741805913), np.float64(-0.004154799885887847), np.float64(-0.0045130032435064076))"
4.9399999999999995,"(np.float64(0.0068733794929765075), np.float64(-0.0035612570450467315), np.float64(-0.0038682884944340697))"
4.95,"(np.float64(0.00572781624414709), np.float64(-0.0029677142042056097), np.float64(-0.003223573745361725))"
4.96,"(np.float64(0.004582252995317671), np.float64(-0.002374171363364488), np.float64(-0.00257885899628938))"
4.97,"(np.float64(0.0034366897464882537), np.float64(-0.0017806285225233658), np.float64(-0.0019341442472170349))"
4.98,"(np.float64(0.0022911264976588357), np.float64(-0.001187085681682244), np.float64(-0.00128942949814469))"
4.99,"(np.float64(0.0011455632488294178), np.float64(-0.000593542840841122), np.float64(-0.000644714749072345))"
5.0,"(np.float64(0.0), np.float64(0.0), np.float64(0.0))"
5.01,"(np.float64(0.001145563248829417), np.float64(0.00045997938691497793), np.float64(0.0004343312661638158))"
5.02,"(np.float64(0.002291126497658834), np.float64(0.0009199587738299559), np.float64(0.0008686625323276316))"
5.03,"(np.float64(0.0034366897464882507), np.float64(0.0013799381607449337), np.float64(0.0013029937984914473))"
5.04,"(np.float64(0.004582252995317668), np.float64(0.0018399175476599117), np.float64(0.0017373250646552632))"
5.05,"(np.float64(0.005727816244147085), np.float64(0.0022998969345748898), np.float64(0.0021716563308190793))"
5.06,"(np.float64(0.006873379492976501), np.float64(0.0027598763214898674), np.float64(0.0026059875969828947))"
5.07,"(np.float64(0.00801894274180592), np.float64(0.003219855708404846), np.float64(0.003040318863146711))"
5.08,"(np.float64(0.009164505990635336), np.float64(0.0036798350953198234), np.float64(0.0034746501293105264))"
5.09,"(np.float64(0.010310069239464752), np.float64(0.004139814482234801), np.float64(0.003908981395474342))"
5.1,"(np.float64(0.01145563248829417), np.float64(0.0045997938691497795), np.float64(0.0043433126616381585))"
5.11,"(np.float64(0.012601195737123587), np.float64(0.005059773256064757), np.float64(0.004777643927801974))"
5.12,"(np.float64(0.013746758985953003), np.float64(0.005519752642979735), np.float64(0.005211975193965789))"
5.13,"(np.float64(0.01489232223478242), np.float64(0.005979732029894713), np.float64(0.005646306460129606))"
5.14,"(np.float64(0.01603788548361184), np.float64(0.006439711416809692), np.float64(0.006080637726293422))"
5.15,"(np.float64(0.017183448732441254), np.float64(0.006899690803724668), np.float64(0.0065149689924572365))"
5.16,"(np.float64(0.01832901198127067), np.float64(0.007359670190639647), np.float64(0.006949300258621053))"
5.17,"(np.float64(0.01947457523010009), np.float64(0.007819649577554625), np.float64(0.007383631524784869))"
5.18,"(np.float64(0.020620138478929503), np.float64(0.008279628964469602), np.float64(0.007817962790948685))"
5.19,"(np.float64(0.02176570172775892), np.float64(0.00873960835138458), np.float64(0.0082522940571125))"
5.2,"(np.float64(0.02291126497658834), np.float64(0.009199587738299559), np.float64(0.008686625323276317))"
5.21,"(np.float64(0.024056828225417756), np.float64(0.009659567125214536), np.float64(0.009120956589440132))"
5.22,"(np.float64(0.025202391474247174), np.float64(0.010119546512129514), np.float64(0.009555287855603948))"
5.23,"(np.float64(0.02634795472307659), np.float64(0.010579525899044493), np.float64(0.009989619121767764))"
5.24,"(np.float64(0.027493517971906006), np.float64(0.01103950528595947), np.float64(0.010423950387931579))"
5.25,"(np.float64(0.028639081220735423), np.float64(0.011499484672874448), np.float64(0.010858281654095395))"
5.26,"(np.float64(0.02978464446956484), np.float64(0.011959464059789426), np.float64(0.011292612920259211))"
5.27,"(np.float64(0.03093020771839426), np.float64(0.012419443446704405), np.float64(0.011726944186423028))"
5.28,"(np.float64(0.03207577096722368), np.float64(0.012879422833619383), np.float64(0.012161275452586844))"
5.29,"(np.float64(0.03322133421605309), np.float64(0.013339402220534358), np.float64(0.012595606718750657))"
5.3,"(np.float64(0.03436689746488251), np.float64(0.013799381607449337), np.float64(0.013029937984914473))"
5.31,"(np.float64(0.035512460713711926), np.float64(0.014259360994364315), np.float64(0.01346426925107829))"
5.32,"(np.float64(0.03665802396254134), np.float64(0.014719340381279294), np.float64(0.013898600517242106))"
5.33,"(np.float64(0.03780358721137076), np.float64(0.015179319768194272), np.float64(0.014332931783405922))"
5.34,"(np.float64(0.03894915046020018), np.float64(0.01563929915510925), np.float64(0.014767263049569738))"
5.35,"(np.float64(0.04009471370902959), np.float64(0.016099278542024226), np.float64(0.015201594315733553))"
5.36,"(np.float64(0.04124027695785901), np.float64(0.016559257928939204), np.float64(0.01563592558189737))"
5.37,"(np.float64(0.042385840206688424), np.float64(0.017019237315854183), np.float64(0.016070256848061185))"
5.38,"(np.float64(0.04353140345551784), np.float64(0.01747921670276916), np.float64(0.016504588114225))"
5.39,"(np.float64(0.04467696670434726), np.float64(0.01793919608968414), np.float64(0.016938919380388818))"
5.4,"(np.float64(0.04582252995317668), np.float64(0.018399175476599118), np.float64(0.017373250646552634))"
5.41,"(np.float64(0.04696809320200609), np.float64(0.018859154863514093), np.float64(0.017807581912716447))"
5.42,"(np.float64(0.04811365645083551), np.float64(0.01931913425042907), np.float64(0.018241913178880263))"
5.43,"(np.float64(0.04925921969966493), np.float64(0.01977911363734405), np.float64(0.01867624444504408))"
5.44,"(np.float64(0.05040478294849435), np.float64(0.02023909302425903), np.float64(0.019110575711207896))"
5.45,"(np.float64(0.051550346197323765), np.float64(0.020699072411174007), np.float64(0.019544906977371712))"
5.46,"(np.float64(0.05269590944615318), np.float64(0.021159051798088985), np.float64(0.01997923824353553))"
5.47,"(np.float64(0.053841472694982594), np.float64(0.02161903118500396), np.float64(0.02041356950969934))"
5.48,"(np.float64(0.05498703594381201), np.float64(0.02207901057191894), np.float64(0.020847900775863158))"
5.49,"(np.float64(0.05613259919264143), np.float64(0.022538989958833917), np.float64(0.021282232042026974))"
5.5,"(np.float64(0.057278162441470847), np.float64(0.022998969345748896), np.float64(0.02171656330819079))"
5.51,"(np.float64(0.058423725690300264), np.float64(0.023458948732663874), np.float64(0.022150894574354606))"
5.52,"(np.float64(0.05956928893912968), np.float64(0.023918928119578853), np.float64(0.022585225840518423))"
5.53,"(np.float64(0.0607148521879591), np.float64(0.02437890750649383), np.float64(0.02301955710668224))"
5.54,"(np.float64(0.06186041543678852), np.float64(0.02483888689340881), np.float64(0.023453888372846055))"
5.55,"(np.float64(0.06300597868561794), np.float64(0.025298866280323788), np.float64(0.02388821963900987))"
5.5600000000000005,"(np.float64(0.06415154193444736), np.float64(0.025758845667238767), np.float64(0.024322550905173688))"
5.57,"(np.float64(0.06529710518327676), np.float64(0.026218825054153738), np.float64(0.024756882171337497))"
5.58,"(np.float64(0.06644266843210618), np.float64(0.026678804441068717), np.float64(0.025191213437501313))"
5.59,"(np.float64(0.0675882316809356), np.float64(0.027138783827983695), np.float64(0.02562554470366513))"
5.6,"(np.float64(0.06873379492976502), np.float64(0.027598763214898674), np.float64(0.026059875969828946))"
5.61,"(np.float64(0.06987935817859443), np.float64(0.028058742601813652), np.float64(0.026494207235992762))"
5.62,"(np.float64(0.07102492142742385), np.float64(0.02851872198872863), np.float64(0.02692853850215658))"
5.63,"(np.float64(0.07217048467625327), np.float64(0.02897870137564361), np.float64(0.027362869768320395))"
5.64,"(np.float64(0.07331604792508269), np.float64(0.029438680762558588), np.float64(0.02779720103448421))"
5.65,"(np.float64(0.0744616111739121), np.float64(0.029898660149473566), np.float64(0.028231532300648027))"
5.66,"(np.float64(0.07560717442274152), np.float64(0.030358639536388544), np.float64(0.028665863566811844))"
5.67,"(np.float64(0.07675273767157094), np.float64(0.030818618923303523), np.float64(0.02910019483297566))"
5.68,"(np.float64(0.07789830092040036), np.float64(0.0312785983102185), np.float64(0.029534526099139476))"
5.6899999999999995,"(np.float64(0.07904386416922976), np.float64(0.03173857769713347), np.float64(0.02996885736530329))"
5.7,"(np.float64(0.08018942741805918), np.float64(0.03219855708404845), np.float64(0.030403188631467105))"
5.71,"(np.float64(0.0813349906668886), np.float64(0.03265853647096343), np.float64(0.03083751989763092))"
5.72,"(np.float64(0.08248055391571801), np.float64(0.03311851585787841), np.float64(0.03127185116379474))"
5.73,"(np.float64(0.08362611716454743), np.float64(0.03357849524479339), np.float64(0.031706182429958554))"
5.74,"(np.float64(0.08477168041337685), np.float64(0.034038474631708365), np.float64(0.03214051369612237))"
5.75,"(np.float64(0.08591724366220627), np.float64(0.034498454018623344), np.float64(0.03257484496228619))"
5.76,"(np.float64(0.08706280691103568), np.float64(0.03495843340553832), np.float64(0.03300917622845))"
5.77,"(np.float64(0.0882083701598651), np.float64(0.0354184127924533), np.float64(0.03344350749461382))"
5.78,"(np.float64(0.08935393340869452), np.float64(0.03587839217936828), np.float64(0.033877838760777636))"
5.79,"(np.float64(0.09049949665752394), np.float64(0.03633837156628326), np.float64(0.03431217002694145))"
5.8,"(np.float64(0.09164505990635335), np.float64(0.036798350953198236), np.float64(0.03474650129310527))"
5.8100000000000005,"(np.float64(0.09279062315518277), np.float64(0.037258330340113215), np.float64(0.035180832559269085))"
5.82,"(np.float64(0.09393618640401218), np.float64(0.037718309727028186), np.float64(0.035615163825432894))"
5.83,"(np.float64(0.09508174965284161), np.float64(0.038178289113943165), np.float64(0.03604949509159671))"
5.84,"(np.float64(0.09622731290167102), np.float64(0.03863826850085814), np.float64(0.036483826357760527))"
5.85,"(np.float64(0.09737287615050044), np.float64(0.03909824788777312), np.float64(0.03691815762392434))"
5.86,"(np.float64(0.09851843939932986), np.float64(0.0395582272746881), np.float64(0.03735248889008816))"
5.87,"(np.float64(0.09966400264815928), np.float64(0.04001820666160308), np.float64(0.037786820156251975))"
5.88,"(np.float64(0.1008095658969887), np.float64(0.04047818604851806), np.float64(0.03822115142241579))"
5.89,"(np.float64(0.10195512914581811), np.float64(0.040938165435433035), np.float64(0.03865548268857961))"
5.9,"(np.float64(0.10310069239464753), np.float64(0.041398144822348014), np.float64(0.039089813954743424))"
5.91,"(np.float64(0.10424625564347695), np.float64(0.04185812420926299), np.float64(0.03952414522090724))"
5.92,"(np.float64(0.10539181889230637), np.float64(0.04231810359617797), np.float64(0.03995847648707106))"
5.93,"(np.float64(0.10653738214113578), np.float64(0.04277808298309295), np.float64(0.04039280775323487))"
5.9399999999999995,"(np.float64(0.10768294538996519), np.float64(0.04323806237000792), np.float64(0.04082713901939868))"
5.95,"(np.float64(0.1088285086387946), np.float64(0.0436980417569229), np.float64(0.0412614702855625))"
5.96,"(np.float64(0.10997407188762402), np.float64(0.04415802114383788), np.float64(0.041695801551726315))"
5.97,"(np.float64(0.11111963513645344), np.float64(0.044618000530752856), np.float64(0.04213013281789013))"
5.98,"(np.float64(0.11226519838528286), np.float64(0.045077979917667835), np.float64(0.04256446408405395))"
5.99,"(np.float64(0.11341076163411228), np.float64(0.04553795930458281), np.float64(0.042998795350217764))"
6.0,"(np.float64(0.11455632488294169), np.float64(0.04599793869149779), np.float64(0.04343312661638158))"
6.0,"(np.float64(0.11455632488294169), np.float64(0.04599793869149779), np.float64(-0.05308949915239685))"
6.01,"(np.float64(0.11341076163411228), np.float64(0.04553795930458281), np.float64(-0.05255860416087288))"
6.02,"(np.float64(0.11226519838528286), np.float64(0.045077979917667835), np.float64(-0.052027709169348915))"
6.03,"(np.float64(0.11111963513645344), np.float64(0.044618000530752856), np.float64(-0.051496814177824944))"
6.04,"(np.float64(0.10997407188762402), np.float64(0.04415802114383788), np.float64(-0.05096591918630097))"
6.05,"(np.float64(0.1088285086387946), np.float64(0.0436980417569229), np.float64(-0.05043502419477701))"
6.06,"(np.float64(0.10768294538996519), np.float64(0.04323806237000792), np.float64(-0.04990412920325304))"
6.07,"(np.float64(0.10653738214113577), np.float64(0.04277808298309294), np.float64(-0.04937323421172907))"
6.08,"(np.float64(0.10539181889230637), np.float64(0.04231810359617797), np.float64(-0.0488423392202051))"
6.09,"(np.float64(0.10424625564347695), np.float64(0.04185812420926299), np.float64(-0.04831144422868114))"
6.1,"(np.float64(0.10310069239464753), np.float64(0.041398144822348014), np.float64(-0.04778054923715717))"
6.11,"(np.float64(0.10195512914581811), np.float64(0.040938165435433035), np.float64(-0.047249654245633196))"
6.12,"(np.float64(0.1008095658969887), np.float64(0.04047818604851806), np.float64(-0.046718759254109225))"
6.13,"(np.float64(0.09966400264815928), np.float64(0.04001820666160308), np.float64(-0.04618786426258526))"
6.14,"(np.float64(0.09851843939932986), np.float64(0.0395582272746881), np.float64(-0.04565696927106129))"
6.15,"(np.float64(0.09737287615050044), np.float64(0.03909824788777312), np.float64(-0.04512607427953732))"
6.16,"(np.float64(0.09622731290167102), np.float64(0.03863826850085814), np.float64(-0.044595179288013355))"
6.17,"(np.float64(0.09508174965284161), np.float64(0.038178289113943165), np.float64(-0.044064284296489384))"
6.18,"(np.float64(0.09393618640401219), np.float64(0.03771830972702819), np.float64(-0.04353338930496542))"
6.19,"(np.float64(0.09279062315518277), np.float64(0.037258330340113215), np.float64(-0.04300249431344145))"
6.2,"(np.float64(0.09164505990635335), np.float64(0.036798350953198236), np.float64(-0.042471599321917484))"
6.21,"(np.float64(0.09049949665752394), np.float64(0.03633837156628326), np.float64(-0.04194070433039351))"
6.22,"(np.float64(0.08935393340869452), np.float64(0.03587839217936828), np.float64(-0.04140980933886954))"
6.23,"(np.float64(0.0882083701598651), np.float64(0.0354184127924533), np.float64(-0.04087891434734558))"
6.24,"(np.float64(0.08706280691103568), np.float64(0.03495843340553832), np.float64(-0.04034801935582161))"
6.25,"(np.float64(0.08591724366220627), np.float64(0.034498454018623344), np.float64(-0.039817124364297636))"
6.26,"(np.float64(0.08477168041337685), np.float64(0.034038474631708365), np.float64(-0.03928622937277367))"
6.27,"(np.float64(0.08362611716454743), np.float64(0.03357849524479339), np.float64(-0.0387553343812497))"
6.28,"(np.float64(0.08248055391571801), np.float64(0.03311851585787841), np.float64(-0.03822443938972573))"
6.29,"(np.float64(0.0813349906668886), np.float64(0.03265853647096343), np.float64(-0.03769354439820176))"
6.3,"(np.float64(0.08018942741805918), np.float64(0.03219855708404845), np.float64(-0.037162649406677795))"
6.31,"(np.float64(0.07904386416922976), np.float64(0.03173857769713347), np.float64(-0.036631754415153824))"
6.32,"(np.float64(0.07789830092040034), np.float64(0.031278598310218494), np.float64(-0.03610085942362985))"
6.33,"(np.float64(0.07675273767157093), np.float64(0.030818618923303516), np.float64(-0.03556996443210589))"
6.34,"(np.float64(0.07560717442274151), np.float64(0.030358639536388538), np.float64(-0.03503906944058192))"
6.35,"(np.float64(0.0744616111739121), np.float64(0.029898660149473566), np.float64(-0.03450817444905795))"
6.36,"(np.float64(0.07331604792508269), np.float64(0.029438680762558588), np.float64(-0.03397727945753398))"
6.37,"(np.float64(0.07217048467625327), np.float64(0.02897870137564361), np.float64(-0.03344638446601002))"
6.38,"(np.float64(0.07102492142742385), np.float64(0.02851872198872863), np.float64(-0.03291548947448605))"
6.39,"(np.float64(0.06987935817859443), np.float64(0.028058742601813652), np.float64(-0.032384594482962076))"
6.4,"(np.float64(0.06873379492976502), np.float64(0.027598763214898674), np.float64(-0.03185369949143811))"
6.41,"(np.float64(0.06758823168093561), np.float64(0.027138783827983702), np.float64(-0.03132280449991415))"
6.42,"(np.float64(0.0664426684321062), np.float64(0.026678804441068724), np.float64(-0.030791909508390176))"
6.43,"(np.float64(0.06529710518327678), np.float64(0.026218825054153745), np.float64(-0.03026101451686621))"
6.44,"(np.float64(0.06415154193444736), np.float64(0.025758845667238767), np.float64(-0.029730119525342238))"
6.45,"(np.float64(0.06300597868561794), np.float64(0.025298866280323788), np.float64(-0.02919922453381827))"
6.46,"(np.float64(0.06186041543678852), np.float64(0.02483888689340881), np.float64(-0.028668329542294303))"
6.47,"(np.float64(0.0607148521879591), np.float64(0.02437890750649383), np.float64(-0.02813743455077033))"
6.48,"(np.float64(0.05956928893912968), np.float64(0.023918928119578853), np.float64(-0.027606539559246364))"
6.49,"(np.float64(0.058423725690300264), np.float64(0.023458948732663874), np.float64(-0.027075644567722393))"
6.5,"(np.float64(0.057278162441470847), np.float64(0.022998969345748896), np.float64(-0.026544749576198425))"
6.51,"(np.float64(0.05613259919264143), np.float64(0.022538989958833917), np.float64(-0.026013854584674458))"
6.52,"(np.float64(0.05498703594381201), np.float64(0.02207901057191894), np.float64(-0.025482959593150487))"
6.53,"(np.float64(0.053841472694982594), np.float64(0.02161903118500396), np.float64(-0.02495206460162652))"
6.54,"(np.float64(0.052695909446153176), np.float64(0.021159051798088982), np.float64(-0.024421169610102548))"
6.55,"(np.float64(0.05155034619732376), np.float64(0.020699072411174003), np.float64(-0.02389027461857858))"
6.5600000000000005,"(np.float64(0.05040478294849434), np.float64(0.020239093024259025), np.float64(-0.023359379627054613))"
6.57,"(np.float64(0.04925921969966494), np.float64(0.019779113637344053), np.float64(-0.02282848463553065))"
6.58,"(np.float64(0.04811365645083551), np.float64(0.019319134250429075), np.float64(-0.02229758964400668))"
6.59,"(np.float64(0.046968093202006095), np.float64(0.018859154863514097), np.float64(-0.02176669465248271))"
6.6,"(np.float64(0.04582252995317668), np.float64(0.018399175476599118), np.float64(-0.021235799660958742))"
6.61,"(np.float64(0.04467696670434726), np.float64(0.01793919608968414), np.float64(-0.02070490466943477))"
6.62,"(np.float64(0.04353140345551784), np.float64(0.01747921670276916), np.float64(-0.020174009677910804))"
6.63,"(np.float64(0.042385840206688424), np.float64(0.017019237315854183), np.float64(-0.019643114686386836))"
6.64,"(np.float64(0.04124027695785901), np.float64(0.016559257928939204), np.float64(-0.019112219694862865))"
6.65,"(np.float64(0.04009471370902959), np.float64(0.016099278542024226), np.float64(-0.018581324703338897))"
6.66,"(np.float64(0.03894915046020017), np.float64(0.015639299155109247), np.float64(-0.018050429711814926))"
6.67,"(np.float64(0.037803587211370754), np.float64(0.015179319768194269), np.float64(-0.01751953472029096))"
6.68,"(np.float64(0.036658023962541336), np.float64(0.01471934038127929), np.float64(-0.01698863972876699))"
6.6899999999999995,"(np.float64(0.03551246071371193), np.float64(0.014259360994364317), np.float64(-0.016457744737243027))"
6.7,"(np.float64(0.034366897464882515), np.float64(0.01379938160744934), np.float64(-0.015926849745719056))"
6.71,"(np.float64(0.0332213342160531), np.float64(0.013339402220534362), np.float64(-0.015395954754195088))"
6.72,"(np.float64(0.03207577096722368), np.float64(0.012879422833619383), np.float64(-0.014865059762671119))"
6.73,"(np.float64(0.03093020771839426), np.float64(0.012419443446704405), np.float64(-0.014334164771147151))"
6.74,"(np.float64(0.02978464446956484), np.float64(0.011959464059789426), np.float64(-0.013803269779623182))"
6.75,"(np.float64(0.028639081220735423), np.float64(0.011499484672874448), np.float64(-0.013272374788099213))"
6.76,"(np.float64(0.027493517971906006), np.float64(0.01103950528595947), np.float64(-0.012741479796575243))"
6.77,"(np.float64(0.026347954723076588), np.float64(0.010579525899044491), np.float64(-0.012210584805051274))"
6.78,"(np.float64(0.02520239147424717), np.float64(0.010119546512129513), np.float64(-0.011679689813527306))"
6.79,"(np.float64(0.024056828225417753), np.float64(0.009659567125214534), np.float64(-0.011148794822003337))"
6.8,"(np.float64(0.022911264976588335), np.float64(0.009199587738299556), np.float64(-0.010617899830479368))"
6.8100000000000005,"(np.float64(0.021765701727758914), np.float64(0.008739608351384579), np.float64(-0.010087004838955398))"
6.82,"(np.float64(0.02062013847892951), np.float64(0.008279628964469606), np.float64(-0.009556109847431436))"
6.83,"(np.float64(0.019474575230100093), np.float64(0.007819649577554627), np.float64(-0.009025214855907467))"
6.84,"(np.float64(0.018329011981270675), np.float64(0.007359670190639648), np.float64(-0.008494319864383497))"
6.85,"(np.float64(0.017183448732441257), np.float64(0.00689969080372467), np.float64(-0.007963424872859528))"
6.86,"(np.float64(0.01603788548361184), np.float64(0.006439711416809692), np.float64(-0.0074325298813355594))"
6.87,"(np.float64(0.01489232223478242), np.float64(0.005979732029894713), np.float64(-0.006901634889811591))"
6.88,"(np.float64(0.013746758985953003), np.float64(0.005519752642979735), np.float64(-0.006370739898287622))"
6.89,"(np.float64(0.012601195737123585), np.float64(0.005059773256064756), np.float64(-0.005839844906763653))"
6.9,"(np.float64(0.011455632488294168), np.float64(0.004599793869149778), np.float64(-0.005308949915239684))"
6.91,"(np.float64(0.010310069239464748), np.float64(0.0041398144822348), np.float64(-0.0047780549237157145))"
6.92,"(np.float64(0.00916450599063533), np.float64(0.0036798350953198217), np.float64(-0.004247159932191746))"
6.93,"(np.float64(0.008018942741805913), np.float64(0.0032198557084048432), np.float64(-0.003716264940667777))"
6.9399999999999995,"(np.float64(0.0068733794929765075), np.float64(0.00275987632148987), np.float64(-0.003185369949143814))"
6.95,"(np.float64(0.00572781624414709), np.float64(0.0022998969345748915), np.float64(-0.002654474957619845))"
6.96,"(np.float64(0.004582252995317671), np.float64(0.0018399175476599132), np.float64(-0.002123579966095876))"
6.97,"(np.float64(0.0034366897464882537), np.float64(0.001379938160744935), np.float64(-0.001592684974571907))"
6.98,"(np.float64(0.0022911264976588357), np.float64(0.0009199587738299566), np.float64(-0.001061789983047938))"
6.99,"(np.float64(0.0011455632488294178), np.float64(0.0004599793869149783), np.float64(-0.000530894991523969))"
7.0,"(np.float64(0.0), np.float64(0.0), np.float64(0.0))"
